
CH32V203Template.elf:     file format elf32-littleriscv
CH32V203Template.elf
architecture: riscv:rv32, flags 0x00000112:
EXEC_P, HAS_SYMS, D_PAGED
start address 0x00000000

Program Header:
    LOAD off    0x00001000 vaddr 0x00000000 paddr 0x00000000 align 2**12
         filesz 0x00003f68 memsz 0x00003f68 flags r-x
    LOAD off    0x00005000 vaddr 0x20000000 paddr 0x00003f68 align 2**12
         filesz 0x000000b0 memsz 0x00001314 flags rw-
    LOAD off    0x00005800 vaddr 0x20004800 paddr 0x20004800 align 2**12
         filesz 0x00000000 memsz 0x00000800 flags rw-

Sections:
Idx Name          Size      VMA       LMA       File off  Algn
  0 .init         00000004  00000000  00000000  00001000  2**1
                  CONTENTS, ALLOC, LOAD, READONLY, CODE
  1 .vector       000000fc  00000004  00000004  00001004  2**1
                  CONTENTS, ALLOC, LOAD, READONLY, CODE
  2 .text         00003e68  00000100  00000100  00001100  2**8
                  CONTENTS, ALLOC, LOAD, READONLY, CODE
  3 .fini         00000000  00003f68  00003f68  000050b0  2**0
                  CONTENTS, ALLOC, LOAD, CODE
  4 .dalign       00000000  20000000  20000000  000050b0  2**0
                  CONTENTS
  5 .dlalign      00000000  00003f68  00003f68  000050b0  2**0
                  CONTENTS
  6 .data         000000b0  20000000  00003f68  00005000  2**2
                  CONTENTS, ALLOC, LOAD, DATA
  7 .bss          00001264  200000b0  00004018  000050b0  2**3
                  ALLOC
  8 .stack        00000800  20004800  20004800  00005800  2**0
                  ALLOC
  9 .debug_info   000298f7  00000000  00000000  000050b0  2**0
                  CONTENTS, READONLY, DEBUGGING
 10 .debug_abbrev 00004580  00000000  00000000  0002e9a7  2**0
                  CONTENTS, READONLY, DEBUGGING
 11 .debug_loc    000073e7  00000000  00000000  00032f27  2**0
                  CONTENTS, READONLY, DEBUGGING
 12 .debug_aranges 00000a00  00000000  00000000  0003a310  2**3
                  CONTENTS, READONLY, DEBUGGING
 13 .debug_ranges 00000f00  00000000  00000000  0003ad10  2**3
                  CONTENTS, READONLY, DEBUGGING
 14 .debug_line   000135c1  00000000  00000000  0003bc10  2**0
                  CONTENTS, READONLY, DEBUGGING
 15 .debug_str    00013bd7  00000000  00000000  0004f1d1  2**0
                  CONTENTS, READONLY, DEBUGGING
 16 .comment      00000033  00000000  00000000  00062da8  2**0
                  CONTENTS, READONLY
 17 .debug_frame  0000220c  00000000  00000000  00062ddc  2**2
                  CONTENTS, READONLY, DEBUGGING
 18 .stab         00000084  00000000  00000000  00064fe8  2**2
                  CONTENTS, READONLY, DEBUGGING
 19 .stabstr      00000117  00000000  00000000  0006506c  2**0
                  CONTENTS, READONLY, DEBUGGING
SYMBOL TABLE:
00000000 l    d  .init	00000000 .init
00000004 l    d  .vector	00000000 .vector
00000100 l    d  .text	00000000 .text
00003f68 l    d  .fini	00000000 .fini
20000000 l    d  .dalign	00000000 .dalign
00003f68 l    d  .dlalign	00000000 .dlalign
20000000 l    d  .data	00000000 .data
200000b0 l    d  .bss	00000000 .bss
20004800 l    d  .stack	00000000 .stack
00000000 l    d  .debug_info	00000000 .debug_info
00000000 l    d  .debug_abbrev	00000000 .debug_abbrev
00000000 l    d  .debug_loc	00000000 .debug_loc
00000000 l    d  .debug_aranges	00000000 .debug_aranges
00000000 l    d  .debug_ranges	00000000 .debug_ranges
00000000 l    d  .debug_line	00000000 .debug_line
00000000 l    d  .debug_str	00000000 .debug_str
00000000 l    d  .comment	00000000 .comment
00000000 l    d  .debug_frame	00000000 .debug_frame
00000000 l    d  .stab	00000000 .stab
00000000 l    d  .stabstr	00000000 .stabstr
00000000 l    df *ABS*	00000000 ./Startup/startup_ch32v20x_D6.o
00000004 l       .vector	00000000 _vector_base
00000000 l    df *ABS*	00000000 ./FreeRTOS/portable/GCC/RISC-V/portASM.o
0000015c l       .text	00000000 processed_source
00000328 l       .text	00000000 chip_specific_stack_frame
00000000 l    df *ABS*	00000000 GpioManager.cpp
20000144 l     O .bss	00000010 GpioManager::m_gpio
20000154 l     O .bss	00000040 GpioManager::Init()::g_TouchKey
20000194 l     O .bss	00000024 GpioManager::Init()::g_LED
20000000 l     O .data	0000000c GpioManager::Init()::def__LINE__
200000b0 l     O .bss	00000008 guard variable for GpioManager::Init()::g_TouchKey
200000b8 l     O .bss	00000008 guard variable for GpioManager::Init()::g_LED
200000c0 l     O .bss	00000004 GpioManager::m_count
00000000 l    df *ABS*	00000000 ch32v20x_it.c
00000000 l    df *ABS*	00000000 system_ch32v20x.c
00000000 l    df *ABS*	00000000 ch32v20x_adc.c
00000000 l    df *ABS*	00000000 ch32v20x_dbgmcu.c
00000000 l    df *ABS*	00000000 ch32v20x_gpio.c
00000000 l    df *ABS*	00000000 ch32v20x_misc.c
00000000 l    df *ABS*	00000000 ch32v20x_rcc.c
2000001c l     O .data	00000010 APBAHBPrescTable
20000094 l     O .data	00000004 ADCPrescTable
00000000 l    df *ABS*	00000000 ch32v20x_usart.c
00000000 l    df *ABS*	00000000 heap_4.c
00000e58 l     F .text	0000004c prvInsertBlockIntoFreeList
200001b8 l     O .bss	00001000 ucHeap
200000cc l     O .bss	00000004 pxEnd
200000d0 l     O .bss	00000004 xBlockAllocatedBit
200000d4 l     O .bss	00000004 xFreeBytesRemaining
200000d8 l     O .bss	00000004 xMinimumEverFreeBytesRemaining
200000dc l     O .bss	00000004 xNumberOfSuccessfulAllocations
200000e0 l     O .bss	00000004 xNumberOfSuccessfulFrees
200000e4 l     O .bss	00000008 xStart
00000000 l    df *ABS*	00000000 port.c
20000098 l     O .data	00000004 uxCriticalNesting
00000000 l    df *ABS*	00000000 list.c
00000000 l    df *ABS*	00000000 queue.c
000012dc l     F .text	0000001a prvIsQueueEmpty
000012f6 l     F .text	00000028 prvCopyDataFromQueue
0000131e l     F .text	0000006e prvUnlockQueue
00000000 l    df *ABS*	00000000 tasks.c
000016ba l     F .text	0000001c prvIdleTask
000016d6 l     F .text	00000024 prvResetNextTaskUnblockTime
000016fa l     F .text	000000a6 prvAddCurrentTaskToDelayedList
200011f8 l     O .bss	000000a0 pxReadyTasksLists
20001298 l     O .bss	00000014 xDelayedTaskList1
200012ac l     O .bss	00000014 xDelayedTaskList2
200012c0 l     O .bss	00000014 xPendingReadyList
200012d4 l     O .bss	00000014 xSuspendedTaskList
200000f0 l     O .bss	00000004 pxDelayedTaskList
200000f4 l     O .bss	00000004 pxOverflowDelayedTaskList
200000f8 l     O .bss	00000004 uxCurrentNumberOfTasks
200000fc l     O .bss	00000004 uxSchedulerSuspended
20000100 l     O .bss	00000004 uxTaskNumber
20000104 l     O .bss	00000004 uxTopReadyPriority
20000108 l     O .bss	00000004 xIdleTaskHandle
2000010c l     O .bss	00000004 xNextTaskUnblockTime
20000110 l     O .bss	00000004 xNumOfOverflows
20000114 l     O .bss	00000004 xPendedTicks
20000118 l     O .bss	00000004 xSchedulerRunning
2000011c l     O .bss	00000004 xTickCount
20000120 l     O .bss	00000004 xYieldPending
00000000 l    df *ABS*	00000000 timers.c
000020e0 l     F .text	00000066 prvCheckForValidListAndQueue
00002146 l     F .text	00000046 prvInsertTimerInActiveList
0000218c l     F .text	00000028 prvReloadTimer
000021b4 l     F .text	00000044 prvProcessExpiredTimer
000021f8 l     F .text	0000002e prvSwitchTimerLists
00002226 l     F .text	00000178 prvTimerTask
200012e8 l     O .bss	00000014 xActiveTimerList1
200012fc l     O .bss	00000014 xActiveTimerList2
20000124 l     O .bss	00000004 pxCurrentTimerList
20000128 l     O .bss	00000004 pxOverflowTimerList
2000012c l     O .bss	00000004 xLastTime.5719
20000130 l     O .bss	00000004 xTimerQueue
20000134 l     O .bss	00000004 xTimerTaskHandle
00000000 l    df *ABS*	00000000 debug.c
20000138 l     O .bss	00000002 p_ms
2000013a l     O .bss	00000001 p_us
200000a0 l     O .data	00000004 curbrk.4672
00000000 l    df *ABS*	00000000 main.cpp
00000000 l    df *ABS*	00000000 libgcc2.c
00000000 l    df *ABS*	00000000 memcpy.c
00000000 l    df *ABS*	00000000 printf.c
00000000 l    df *ABS*	00000000 puts.c
00000000 l    df *ABS*	00000000 wbuf.c
00000000 l    df *ABS*	00000000 wsetup.c
00000000 l    df *ABS*	00000000 fflush.c
00000000 l    df *ABS*	00000000 findfp.c
00002e1c l     F .text	00000066 std
00000000 l    df *ABS*	00000000 fwalk.c
00000000 l    df *ABS*	00000000 makebuf.c
00000000 l    df *ABS*	00000000 nano-mallocr.c
00000000 l    df *ABS*	00000000 nano-mallocr.c
00000000 l    df *ABS*	00000000 nano-vfprintf.c
000032ba l     F .text	00000028 __sfputc_r
00000000 l    df *ABS*	00000000 nano-vfprintf_i.c
00000000 l    df *ABS*	00000000 sbrkr.c
00000000 l    df *ABS*	00000000 stdio.c
00000000 l    df *ABS*	00000000 writer.c
00000000 l    df *ABS*	00000000 closer.c
00000000 l    df *ABS*	00000000 fstatr.c
00000000 l    df *ABS*	00000000 isattyr.c
00000000 l    df *ABS*	00000000 lseekr.c
00000000 l    df *ABS*	00000000 memchr.c
00000000 l    df *ABS*	00000000 mlock.c
00000000 l    df *ABS*	00000000 readr.c
00000000 l    df *ABS*	00000000 close.c
00000000 l    df *ABS*	00000000 fstat.c
00000000 l    df *ABS*	00000000 isatty.c
00000000 l    df *ABS*	00000000 lseek.c
00000000 l    df *ABS*	00000000 read.c
00000000 l    df *ABS*	00000000 libgcc2.c
00000000 l    df *ABS*	00000000 impure.c
2000002c l     O .data	00000060 impure_data
00000000 l    df *ABS*	00000000 reent.c
000009b4  w      .text	00000000 EXTI2_IRQHandler
00003aca g     F .text	00000030 _isatty_r
000029f2 g     F .text	000000d4 _puts_r
00003afa g     F .text	00000034 _lseek_r
00001232 g     F .text	00000042 vPortExitCritical
000029b2 g     F .text	00000040 printf
20000890 g       .data	00000000 __global_pointer$
000003f6 g     F .text	00000028 .hidden __riscv_save_8
000009b4  w      .text	00000000 TIM1_CC_IRQHandler
000039fc g     F .text	00000030 __sseek
00002ed2 g     F .text	00000066 __sinit
00002ad0 g     F .text	000000bc __swbuf_r
00000822 g     F .text	00000016 HardFault_Handler
00001664 g     F .text	00000056 vQueueWaitForMessageRestricted
00002e8c g     F .text	00000046 __sfmoreglue
00003b48 g     F .text	00000002 __malloc_unlock
00000442 g     F .text	0000000c .hidden __riscv_restore_3
000011a0 g     F .text	0000007c SysTick_Handler
000009b4  w      .text	00000000 PVD_IRQHandler
000004f6  w    F .text	0000002c LED::Task(LED*)
0000042e g     F .text	00000020 .hidden __riscv_restore_10
00000820 g     F .text	00000002 NMI_Handler
000009b4  w      .text	00000000 EXTI3_IRQHandler
000003f6 g     F .text	00000028 .hidden __riscv_save_11
00000b70 g     F .text	0000000a DBGMCU_GetCHIPID
200000ec g     O .bss	00000004 pxCurrentTCB
00000e4e g     F .text	0000000a USART_GetFlagStatus
00003a98 g     F .text	00000032 _fstat_r
20001310 g     O .bss	00000004 errno
200000b0 g       .bss	00000000 _sbss
00000800 g       *ABS*	00000000 __stack_size
00000b66 g     F .text	0000000a ADC_GetFlagStatus
0000242c g     F .text	0000005a USART_Printf_Init
000009b4  w      .text	00000000 USBFS_IRQHandler
00001ff2 g     F .text	00000016 vTaskInternalSetTimeOutState
00000442 g     F .text	0000000c .hidden __riscv_restore_2
000005fa g     F .text	00000046 GpioManager::IoClock(void*, bool)
00001112 g     F .text	0000008e xPortStartScheduler
00002900 g     F .text	000000b2 memcpy
00001e48 g     F .text	00000048 vTaskPlaceOnEventList
00000a9e g     F .text	00000010 ADC_Cmd
00002e82 g     F .text	0000000a _cleanup_r
000010d4  w    F .text	0000003e vPortSetupTimerInterrupt
000009b4  w      .text	00000000 EXTI0_IRQHandler
000009b4  w      .text	00000000 I2C2_EV_IRQHandler
00002ac6 g     F .text	0000000a puts
0000102e g     F .text	000000a6 vPortFree
20000090 g     O .data	00000004 SystemCoreClock
20005000 g       .stack	00000000 __freertos_irq_stack_top
00003b8e g     F .text	00000010 _fstat
00000004 g       .init	00000000 _einit
00000d6c g     F .text	0000001e RCC_APB2PeriphClockCmd
000003ee g     F .text	00000030 .hidden __riscv_save_12
000009b4  w      .text	00000000 ADC1_2_IRQHandler
00000b7a g     F .text	000000fa GPIO_Init
00000c9c g     F .text	00000012 RCC_ADCCLKConfig
000009b4  w      .text	00000000 Break_Point_Handler
0000042e g     F .text	00000020 .hidden __riscv_restore_11
200000c8 g     O .bss	00000004 NVIC_Priority_Group
000009b4  w      .text	00000000 SPI1_IRQHandler
00000e30 g     F .text	00000016 USART_Cmd
00003956 g     F .text	00000032 _sbrk_r
000009b4  w      .text	00000000 TAMPER_IRQHandler
0000041e g     F .text	0000000c .hidden __riscv_save_1
00000442 g     F .text	0000000c .hidden __riscv_restore_0
00003b4a g     F .text	00000034 _read_r
00001288 g     F .text	00000006 vListInitialiseItem
00000404 g     F .text	0000001a .hidden __riscv_save_7
000014b2 g     F .text	00000146 xQueueReceive
200011b8 g     O .bss	00000040 xQueueRegistry
000009b4  w      .text	00000000 Ecall_M_Mode_Handler
20004800 g       .stack	00000000 _heap_end
00003b9e g     F .text	00000010 _isatty
200000ac g     O .data	00000004 _global_impure_ptr
00000438 g     F .text	00000016 .hidden __riscv_restore_5
0000256e g     F .text	00000392 .hidden __udivdi3
000009b4  w      .text	00000000 DMA1_Channel4_IRQHandler
00000aae g     F .text	000000b8 ADC_RegularChannelConfig
000024c4 g     F .text	0000002a _sbrk
00000ea4 g     F .text	0000018a pvPortMalloc
00001274 g     F .text	00000014 vListInitialise
00000438 g     F .text	00000016 .hidden __riscv_restore_6
000009b4  w      .text	00000000 USART3_IRQHandler
00001a32 g     F .text	0000000a xTaskGetTickCount
000009b4  w      .text	00000000 RTC_IRQHandler
20001314 g       .bss	00000000 _ebss
000009b4  w      .text	00000000 DMA1_Channel7_IRQHandler
000009b4  w      .text	00000000 CAN1_RX1_IRQHandler
000023fa g     F .text	00000032 Delay_Init
00001f06 g     F .text	000000ec xTaskRemoveFromEventList
000009b4  w      .text	00000000 TIM4_IRQHandler
000003f6 g     F .text	00000028 .hidden __riscv_save_9
00000c74 g     F .text	0000001e GPIO_WriteBit
00003ecc g     O .text	00000020 __sf_fake_stderr
00000404 g     F .text	0000001a .hidden __riscv_save_4
000009b4  w      .text	00000000 I2C1_EV_IRQHandler
200000a8 g     O .data	00000004 xISRStackTop
00000cae g     F .text	000000be RCC_GetClocksFreq
000009b4  w      .text	00000000 DMA1_Channel6_IRQHandler
000032e2 g     F .text	00000040 __sfputs_r
000009b4  w      .text	00000000 UART4_IRQHandler
00003b2e g     F .text	00000018 memchr
00000d8a g     F .text	000000a6 USART_Init
00002008 g     F .text	000000b0 xTaskCheckForTimeOut
00003126 g     F .text	000000b0 _free_r
000009b4  w      .text	00000000 TIM3_IRQHandler
000009b4  w      .text	00000000 RCC_IRQHandler
0000041e g     F .text	0000000c .hidden __riscv_save_3
000009b4  w      .text	00000000 TIM1_TRG_COM_IRQHandler
000009b4  w      .text	00000000 DMA1_Channel1_IRQHandler
00000000 g       .init	00000000 _start
00001a22 g     F .text	00000010 vTaskSuspendAll
2000000c g     O .data	00000010 AHBPrescTable
00003bae g     F .text	00000010 _lseek
000012bc g     F .text	00000020 uxListRemove
000009b4  w      .text	00000000 EXTI15_10_IRQHandler
000009b4  w      .text	00000000 DMA1_Channel8_IRQHandler
00001dae g     F .text	0000009a vTaskSwitchContext
00001e90 g     F .text	00000076 vTaskPlaceOnEventListRestricted
00003a68 g     F .text	00000030 _close_r
20000000 g       .dalign	00000000 _data_vma
200000c4 g     O .bss	00000001 MCU_Version
00002b8c g     F .text	000000fc __swsetup_r
000009b4  w      .text	00000000 EXTI9_5_IRQHandler
00002f38 g     F .text	0000009c __sfp
000003f6 g     F .text	00000028 .hidden __riscv_save_10
00003988 g     F .text	0000002c __sread
00003b46 g     F .text	00000002 __malloc_lock
00000438 g     F .text	00000016 .hidden __riscv_restore_4
0000042e g     F .text	00000020 .hidden __riscv_restore_8
00002db8 g     F .text	00000064 _fflush_r
00000404 g     F .text	0000001a .hidden __riscv_save_6
000009b4  w      .text	00000000 SPI2_IRQHandler
00003eec g     O .text	00000020 __sf_fake_stdin
0000044e g     F .text	000000a8 memset
0000042e g     F .text	00000020 .hidden __riscv_restore_9
00000438 g     F .text	00000016 .hidden __riscv_restore_7
000024ee g     F .text	00000060 main
0000128e g     F .text	0000002e vListInsert
00003a2c g     F .text	00000006 __sclose
0000239e g     F .text	0000005c xTimerCreateTimerTask
000031d6 g     F .text	000000e4 _malloc_r
000009b4  w      .text	00000000 DMA1_Channel5_IRQHandler
000009b4  w      .text	00000000 EXTI4_IRQHandler
00001448 g     F .text	0000006a xQueueGenericCreate
000009b4  w      .text	00000000 USB_LP_CAN1_RX0_IRQHandler
00000838 g     F .text	000000ea SystemInit
000029b2 g     F .text	00000040 iprintf
00001be6 g     F .text	00000166 xTaskResumeAll
2000009c g     O .data	00000004 uxTopUsedPriority
000009b4  w      .text	00000000 USB_HP_CAN1_TX_IRQHandler
00003dcc g     O .text	00000100 .hidden __clz_tab
00001992 g     F .text	00000090 vTaskStartScheduler
00000000 g       .init	00000000 _sinit
00002564 g     F .text	0000000a __cxa_guard_release
00003a32 g     F .text	00000036 _write_r
00000200 g       .text	00000000 xPortStartFirstTask
000009b4  w      .text	00000000 DMA1_Channel3_IRQHandler
000035a8 g     F .text	0000010c _printf_common
200000a4 g     O .data	00000004 _impure_ptr
000009b4  w      .text	00000000 TIM1_UP_IRQHandler
00002c88 g     F .text	00000130 __sflush_r
000009b4  w      .text	00000000 WWDG_IRQHandler
000009b4  w      .text	00000000 Ecall_U_Mode_Handler
000020b8 g     F .text	0000000c vTaskMissedYield
000009b4  w      .text	00000000 TIM2_IRQHandler
20005000 g       .stack	00000000 _eusrstack
0000041e g     F .text	0000000c .hidden __riscv_save_2
00000100 g       .text	00000000 SW_Handler
000015f8 g     F .text	0000006c vQueueAddToRegistry
00001a3c g     F .text	000001aa xTaskIncrementTick
000009b4  w      .text	00000000 TIM1_BRK_IRQHandler
0000303e g     F .text	00000058 __swhatbuf_r
00000a48 g     F .text	00000056 ADC_Init
00000e46 g     F .text	00000008 USART_SendData
000009b4  w      .text	00000000 EXTI1_IRQHandler
00000404 g     F .text	0000001a .hidden __riscv_save_5
0000138c g     F .text	000000bc xQueueGenericReset
00002486 g     F .text	0000003e _write
200000b0 g       .data	00000000 _edata
000005b8  w    F .text	00000042 TouchKey::oninit(TouchKey*)
20001314 g       .bss	00000000 _end
0000068e g     F .text	00000192 GpioManager::Init()
000009b4  w      .text	00000000 RTCAlarm_IRQHandler
000017a0 g     F .text	000001f2 xTaskCreate
00003f68 g       .dlalign	00000000 _data_lma
000009b4  w      .text	00000000 USART2_IRQHandler
000039b4 g     F .text	00000048 __swrite
00003322 g     F .text	00000286 _vfiprintf_r
00002fd4 g     F .text	0000006a _fwalk_reent
00000922 g     F .text	00000092 SystemCoreClockUpdate
000009b4  w      .text	00000000 I2C2_ER_IRQHandler
00001d4c g     F .text	00000062 vTaskDelay
000009b4  w      .text	00000000 DMA1_Channel2_IRQHandler
00000522  w    F .text	00000096 TouchKey::Task(TouchKey*)
00003f0c g     O .text	00000020 __sf_fake_stdout
0000042a g     F .text	00000024 .hidden __riscv_restore_12
000020c4 g     F .text	0000001c xTaskGetSchedulerState
00003bbe g     F .text	00000010 _read
000009b6  w      .text	00000000 handle_reset
000009b4  w      .text	00000000 CAN1_SCE_IRQHandler
000009b4  w      .text	00000000 FLASH_IRQHandler
0000041e g     F .text	0000000c .hidden __riscv_save_0
000009b4  w      .text	00000000 USBFSWakeUp_IRQHandler
000009b4  w      .text	00000000 USART1_IRQHandler
00003096 g     F .text	00000090 __smakebuf_r
00000300 g       .text	00000000 pxPortInitialiseStack
000036b4 g     F .text	000002a2 _printf_i
20000140 g     O .bss	00000004 __malloc_sbrk_start
000009b4  w      .text	00000000 I2C1_ER_IRQHandler
00000c92 g     F .text	0000000a NVIC_PriorityGroupConfig
0000121c g     F .text	00000016 vPortEnterCritical
2000013c g     O .bss	00000004 __malloc_free_list
00000442 g     F .text	0000000c .hidden __riscv_restore_1
00003322 g     F .text	00000286 _vfprintf_r
0000254e g     F .text	00000016 __cxa_guard_acquire
000009b4  w      .text	00000000 USBWakeUp_IRQHandler
00003b7e g     F .text	00000010 _close
00000640 g     F .text	0000004e GpioManager::AddGpio(Gpio*)



Disassembly of section .init:

00000000 <_sinit>:
   0:	1b70006f          	j	9b6 <handle_reset>

Disassembly of section .vector:

00000004 <_vector_base>:
	...
   c:	0820                	addi	s0,sp,24
   e:	0000                	unimp
  10:	0822                	slli	a6,a6,0x8
  12:	0000                	unimp
  14:	0000                	unimp
  16:	0000                	unimp
  18:	09b4                	addi	a3,sp,216
	...
  22:	0000                	unimp
  24:	09b4                	addi	a3,sp,216
  26:	0000                	unimp
  28:	09b4                	addi	a3,sp,216
	...
  32:	0000                	unimp
  34:	11a0                	addi	s0,sp,232
  36:	0000                	unimp
  38:	0000                	unimp
  3a:	0000                	unimp
  3c:	0100                	addi	s0,sp,128
  3e:	0000                	unimp
  40:	0000                	unimp
  42:	0000                	unimp
  44:	09b4                	addi	a3,sp,216
  46:	0000                	unimp
  48:	09b4                	addi	a3,sp,216
  4a:	0000                	unimp
  4c:	09b4                	addi	a3,sp,216
  4e:	0000                	unimp
  50:	09b4                	addi	a3,sp,216
  52:	0000                	unimp
  54:	09b4                	addi	a3,sp,216
  56:	0000                	unimp
  58:	09b4                	addi	a3,sp,216
  5a:	0000                	unimp
  5c:	09b4                	addi	a3,sp,216
  5e:	0000                	unimp
  60:	09b4                	addi	a3,sp,216
  62:	0000                	unimp
  64:	09b4                	addi	a3,sp,216
  66:	0000                	unimp
  68:	09b4                	addi	a3,sp,216
  6a:	0000                	unimp
  6c:	09b4                	addi	a3,sp,216
  6e:	0000                	unimp
  70:	09b4                	addi	a3,sp,216
  72:	0000                	unimp
  74:	09b4                	addi	a3,sp,216
  76:	0000                	unimp
  78:	09b4                	addi	a3,sp,216
  7a:	0000                	unimp
  7c:	09b4                	addi	a3,sp,216
  7e:	0000                	unimp
  80:	09b4                	addi	a3,sp,216
  82:	0000                	unimp
  84:	09b4                	addi	a3,sp,216
  86:	0000                	unimp
  88:	09b4                	addi	a3,sp,216
  8a:	0000                	unimp
  8c:	09b4                	addi	a3,sp,216
  8e:	0000                	unimp
  90:	09b4                	addi	a3,sp,216
  92:	0000                	unimp
  94:	09b4                	addi	a3,sp,216
  96:	0000                	unimp
  98:	09b4                	addi	a3,sp,216
  9a:	0000                	unimp
  9c:	09b4                	addi	a3,sp,216
  9e:	0000                	unimp
  a0:	09b4                	addi	a3,sp,216
  a2:	0000                	unimp
  a4:	09b4                	addi	a3,sp,216
  a6:	0000                	unimp
  a8:	09b4                	addi	a3,sp,216
  aa:	0000                	unimp
  ac:	09b4                	addi	a3,sp,216
  ae:	0000                	unimp
  b0:	09b4                	addi	a3,sp,216
  b2:	0000                	unimp
  b4:	09b4                	addi	a3,sp,216
  b6:	0000                	unimp
  b8:	09b4                	addi	a3,sp,216
  ba:	0000                	unimp
  bc:	09b4                	addi	a3,sp,216
  be:	0000                	unimp
  c0:	09b4                	addi	a3,sp,216
  c2:	0000                	unimp
  c4:	09b4                	addi	a3,sp,216
  c6:	0000                	unimp
  c8:	09b4                	addi	a3,sp,216
  ca:	0000                	unimp
  cc:	09b4                	addi	a3,sp,216
  ce:	0000                	unimp
  d0:	09b4                	addi	a3,sp,216
  d2:	0000                	unimp
  d4:	09b4                	addi	a3,sp,216
  d6:	0000                	unimp
  d8:	09b4                	addi	a3,sp,216
  da:	0000                	unimp
  dc:	09b4                	addi	a3,sp,216
  de:	0000                	unimp
  e0:	09b4                	addi	a3,sp,216
  e2:	0000                	unimp
  e4:	09b4                	addi	a3,sp,216
  e6:	0000                	unimp
  e8:	09b4                	addi	a3,sp,216
  ea:	0000                	unimp
  ec:	09b4                	addi	a3,sp,216
  ee:	0000                	unimp
  f0:	09b4                	addi	a3,sp,216
  f2:	0000                	unimp
  f4:	09b4                	addi	a3,sp,216
  f6:	0000                	unimp
  f8:	09b4                	addi	a3,sp,216
  fa:	0000                	unimp
  fc:	09b4                	addi	a3,sp,216
	...

Disassembly of section .text:

00000100 <SW_Handler>:
     100:	f8810113          	addi	sp,sp,-120
     104:	c206                	sw	ra,4(sp)
     106:	c416                	sw	t0,8(sp)
     108:	c61a                	sw	t1,12(sp)
     10a:	c81e                	sw	t2,16(sp)
     10c:	ca22                	sw	s0,20(sp)
     10e:	cc26                	sw	s1,24(sp)
     110:	ce2a                	sw	a0,28(sp)
     112:	d02e                	sw	a1,32(sp)
     114:	d232                	sw	a2,36(sp)
     116:	d436                	sw	a3,40(sp)
     118:	d63a                	sw	a4,44(sp)
     11a:	d83e                	sw	a5,48(sp)
     11c:	da42                	sw	a6,52(sp)
     11e:	dc46                	sw	a7,56(sp)
     120:	de4a                	sw	s2,60(sp)
     122:	c0ce                	sw	s3,64(sp)
     124:	c2d2                	sw	s4,68(sp)
     126:	c4d6                	sw	s5,72(sp)
     128:	c6da                	sw	s6,76(sp)
     12a:	c8de                	sw	s7,80(sp)
     12c:	cae2                	sw	s8,84(sp)
     12e:	cce6                	sw	s9,88(sp)
     130:	ceea                	sw	s10,92(sp)
     132:	d0ee                	sw	s11,96(sp)
     134:	d2f2                	sw	t3,100(sp)
     136:	d4f6                	sw	t4,104(sp)
     138:	d6fa                	sw	t5,108(sp)
     13a:	d8fe                	sw	t6,112(sp)
     13c:	300022f3          	csrr	t0,mstatus
     140:	da96                	sw	t0,116(sp)
     142:	20000297          	auipc	t0,0x20000
     146:	faa2a283          	lw	t0,-86(t0) # 200000ec <pxCurrentTCB>
     14a:	0022a023          	sw	sp,0(t0)
     14e:	341025f3          	csrr	a1,mepc
     152:	c02e                	sw	a1,0(sp)
     154:	8181a103          	lw	sp,-2024(gp) # 200000a8 <xISRStackTop>
     158:	457010ef          	jal	ra,1dae <vTaskSwitchContext>

0000015c <processed_source>:
     15c:	20000317          	auipc	t1,0x20000
     160:	f9032303          	lw	t1,-112(t1) # 200000ec <pxCurrentTCB>
     164:	00032103          	lw	sp,0(t1)
     168:	4282                	lw	t0,0(sp)
     16a:	34129073          	csrw	mepc,t0
     16e:	52d6                	lw	t0,116(sp)
     170:	30029073          	csrw	mstatus,t0
     174:	4092                	lw	ra,4(sp)
     176:	42a2                	lw	t0,8(sp)
     178:	4332                	lw	t1,12(sp)
     17a:	43c2                	lw	t2,16(sp)
     17c:	4452                	lw	s0,20(sp)
     17e:	44e2                	lw	s1,24(sp)
     180:	4572                	lw	a0,28(sp)
     182:	5582                	lw	a1,32(sp)
     184:	5612                	lw	a2,36(sp)
     186:	56a2                	lw	a3,40(sp)
     188:	5732                	lw	a4,44(sp)
     18a:	57c2                	lw	a5,48(sp)
     18c:	5852                	lw	a6,52(sp)
     18e:	58e2                	lw	a7,56(sp)
     190:	5972                	lw	s2,60(sp)
     192:	4986                	lw	s3,64(sp)
     194:	4a16                	lw	s4,68(sp)
     196:	4aa6                	lw	s5,72(sp)
     198:	4b36                	lw	s6,76(sp)
     19a:	4bc6                	lw	s7,80(sp)
     19c:	4c56                	lw	s8,84(sp)
     19e:	4ce6                	lw	s9,88(sp)
     1a0:	4d76                	lw	s10,92(sp)
     1a2:	5d86                	lw	s11,96(sp)
     1a4:	5e16                	lw	t3,100(sp)
     1a6:	5ea6                	lw	t4,104(sp)
     1a8:	5f36                	lw	t5,108(sp)
     1aa:	5fc6                	lw	t6,112(sp)
     1ac:	07810113          	addi	sp,sp,120
     1b0:	30200073          	mret
     1b4:	00000013          	nop
     1b8:	00000013          	nop
     1bc:	00000013          	nop
     1c0:	00000013          	nop
     1c4:	00000013          	nop
     1c8:	00000013          	nop
     1cc:	00000013          	nop
     1d0:	00000013          	nop
     1d4:	00000013          	nop
     1d8:	00000013          	nop
     1dc:	00000013          	nop
     1e0:	00000013          	nop
     1e4:	00000013          	nop
     1e8:	00000013          	nop
     1ec:	00000013          	nop
     1f0:	00000013          	nop
     1f4:	00000013          	nop
     1f8:	00000013          	nop
     1fc:	00000013          	nop

00000200 <xPortStartFirstTask>:
     200:	8181a283          	lw	t0,-2024(gp) # 200000a8 <xISRStackTop>
     204:	e0028293          	addi	t0,t0,-512
     208:	34029073          	csrw	mscratch,t0
     20c:	20000117          	auipc	sp,0x20000
     210:	ee012103          	lw	sp,-288(sp) # 200000ec <pxCurrentTCB>
     214:	4102                	lw	sp,0(sp)
     216:	4082                	lw	ra,0(sp)
     218:	4332                	lw	t1,12(sp)
     21a:	43c2                	lw	t2,16(sp)
     21c:	4452                	lw	s0,20(sp)
     21e:	44e2                	lw	s1,24(sp)
     220:	4572                	lw	a0,28(sp)
     222:	5582                	lw	a1,32(sp)
     224:	5612                	lw	a2,36(sp)
     226:	56a2                	lw	a3,40(sp)
     228:	5732                	lw	a4,44(sp)
     22a:	57c2                	lw	a5,48(sp)
     22c:	5852                	lw	a6,52(sp)
     22e:	58e2                	lw	a7,56(sp)
     230:	5972                	lw	s2,60(sp)
     232:	4986                	lw	s3,64(sp)
     234:	4a16                	lw	s4,68(sp)
     236:	4aa6                	lw	s5,72(sp)
     238:	4b36                	lw	s6,76(sp)
     23a:	4bc6                	lw	s7,80(sp)
     23c:	4c56                	lw	s8,84(sp)
     23e:	4ce6                	lw	s9,88(sp)
     240:	4d76                	lw	s10,92(sp)
     242:	5d86                	lw	s11,96(sp)
     244:	5e16                	lw	t3,100(sp)
     246:	5ea6                	lw	t4,104(sp)
     248:	5f36                	lw	t5,108(sp)
     24a:	5fc6                	lw	t6,112(sp)
     24c:	52d6                	lw	t0,116(sp)
     24e:	02a1                	addi	t0,t0,8
     250:	30029073          	csrw	mstatus,t0
     254:	42a2                	lw	t0,8(sp)
     256:	07810113          	addi	sp,sp,120
     25a:	8082                	ret
     25c:	00000013          	nop
     260:	00000013          	nop
     264:	00000013          	nop
     268:	00000013          	nop
     26c:	00000013          	nop
     270:	00000013          	nop
     274:	00000013          	nop
     278:	00000013          	nop
     27c:	00000013          	nop
     280:	00000013          	nop
     284:	00000013          	nop
     288:	00000013          	nop
     28c:	00000013          	nop
     290:	00000013          	nop
     294:	00000013          	nop
     298:	00000013          	nop
     29c:	00000013          	nop
     2a0:	00000013          	nop
     2a4:	00000013          	nop
     2a8:	00000013          	nop
     2ac:	00000013          	nop
     2b0:	00000013          	nop
     2b4:	00000013          	nop
     2b8:	00000013          	nop
     2bc:	00000013          	nop
     2c0:	00000013          	nop
     2c4:	00000013          	nop
     2c8:	00000013          	nop
     2cc:	00000013          	nop
     2d0:	00000013          	nop
     2d4:	00000013          	nop
     2d8:	00000013          	nop
     2dc:	00000013          	nop
     2e0:	00000013          	nop
     2e4:	00000013          	nop
     2e8:	00000013          	nop
     2ec:	00000013          	nop
     2f0:	00000013          	nop
     2f4:	00000013          	nop
     2f8:	00000013          	nop
     2fc:	00000013          	nop

00000300 <pxPortInitialiseStack>:
     300:	300022f3          	csrr	t0,mstatus
     304:	ff72f293          	andi	t0,t0,-9
     308:	18800313          	li	t1,392
     30c:	0312                	slli	t1,t1,0x4
     30e:	0062e2b3          	or	t0,t0,t1
     312:	1571                	addi	a0,a0,-4
     314:	00552023          	sw	t0,0(a0)
     318:	fa850513          	addi	a0,a0,-88
     31c:	c110                	sw	a2,0(a0)
     31e:	1521                	addi	a0,a0,-24
     320:	00052023          	sw	zero,0(a0)
     324:	00000293          	li	t0,0

00000328 <chip_specific_stack_frame>:
     328:	00028763          	beqz	t0,336 <chip_specific_stack_frame+0xe>
     32c:	1571                	addi	a0,a0,-4
     32e:	00052023          	sw	zero,0(a0)
     332:	12fd                	addi	t0,t0,-1
     334:	bfd5                	j	328 <chip_specific_stack_frame>
     336:	1571                	addi	a0,a0,-4
     338:	c10c                	sw	a1,0(a0)
     33a:	8082                	ret
	...

000003ee <__riscv_save_12>:
     3ee:	7139                	addi	sp,sp,-64
     3f0:	4301                	li	t1,0
     3f2:	c66e                	sw	s11,12(sp)
     3f4:	a019                	j	3fa <__riscv_save_10+0x4>

000003f6 <__riscv_save_10>:
     3f6:	7139                	addi	sp,sp,-64
     3f8:	5341                	li	t1,-16
     3fa:	c86a                	sw	s10,16(sp)
     3fc:	ca66                	sw	s9,20(sp)
     3fe:	cc62                	sw	s8,24(sp)
     400:	ce5e                	sw	s7,28(sp)
     402:	a019                	j	408 <__riscv_save_4+0x4>

00000404 <__riscv_save_4>:
     404:	7139                	addi	sp,sp,-64
     406:	5301                	li	t1,-32
     408:	d05a                	sw	s6,32(sp)
     40a:	d256                	sw	s5,36(sp)
     40c:	d452                	sw	s4,40(sp)
     40e:	d64e                	sw	s3,44(sp)
     410:	d84a                	sw	s2,48(sp)
     412:	da26                	sw	s1,52(sp)
     414:	dc22                	sw	s0,56(sp)
     416:	de06                	sw	ra,60(sp)
     418:	40610133          	sub	sp,sp,t1
     41c:	8282                	jr	t0

0000041e <__riscv_save_0>:
     41e:	1141                	addi	sp,sp,-16
     420:	c04a                	sw	s2,0(sp)
     422:	c226                	sw	s1,4(sp)
     424:	c422                	sw	s0,8(sp)
     426:	c606                	sw	ra,12(sp)
     428:	8282                	jr	t0

0000042a <__riscv_restore_12>:
     42a:	4db2                	lw	s11,12(sp)
     42c:	0141                	addi	sp,sp,16

0000042e <__riscv_restore_10>:
     42e:	4d02                	lw	s10,0(sp)
     430:	4c92                	lw	s9,4(sp)
     432:	4c22                	lw	s8,8(sp)
     434:	4bb2                	lw	s7,12(sp)
     436:	0141                	addi	sp,sp,16

00000438 <__riscv_restore_4>:
     438:	4b02                	lw	s6,0(sp)
     43a:	4a92                	lw	s5,4(sp)
     43c:	4a22                	lw	s4,8(sp)
     43e:	49b2                	lw	s3,12(sp)
     440:	0141                	addi	sp,sp,16

00000442 <__riscv_restore_0>:
     442:	4902                	lw	s2,0(sp)
     444:	4492                	lw	s1,4(sp)
     446:	4422                	lw	s0,8(sp)
     448:	40b2                	lw	ra,12(sp)
     44a:	0141                	addi	sp,sp,16
     44c:	8082                	ret

0000044e <memset>:
     44e:	433d                	li	t1,15
     450:	872a                	mv	a4,a0
     452:	02c37363          	bgeu	t1,a2,478 <memset+0x2a>
     456:	00f77793          	andi	a5,a4,15
     45a:	efbd                	bnez	a5,4d8 <memset+0x8a>
     45c:	e5ad                	bnez	a1,4c6 <memset+0x78>
     45e:	ff067693          	andi	a3,a2,-16
     462:	8a3d                	andi	a2,a2,15
     464:	96ba                	add	a3,a3,a4
     466:	c30c                	sw	a1,0(a4)
     468:	c34c                	sw	a1,4(a4)
     46a:	c70c                	sw	a1,8(a4)
     46c:	c74c                	sw	a1,12(a4)
     46e:	0741                	addi	a4,a4,16
     470:	fed76be3          	bltu	a4,a3,466 <memset+0x18>
     474:	e211                	bnez	a2,478 <memset+0x2a>
     476:	8082                	ret
     478:	40c306b3          	sub	a3,t1,a2
     47c:	068a                	slli	a3,a3,0x2
     47e:	00000297          	auipc	t0,0x0
     482:	9696                	add	a3,a3,t0
     484:	00a68067          	jr	10(a3)
     488:	00b70723          	sb	a1,14(a4)
     48c:	00b706a3          	sb	a1,13(a4)
     490:	00b70623          	sb	a1,12(a4)
     494:	00b705a3          	sb	a1,11(a4)
     498:	00b70523          	sb	a1,10(a4)
     49c:	00b704a3          	sb	a1,9(a4)
     4a0:	00b70423          	sb	a1,8(a4)
     4a4:	00b703a3          	sb	a1,7(a4)
     4a8:	00b70323          	sb	a1,6(a4)
     4ac:	00b702a3          	sb	a1,5(a4)
     4b0:	00b70223          	sb	a1,4(a4)
     4b4:	00b701a3          	sb	a1,3(a4)
     4b8:	00b70123          	sb	a1,2(a4)
     4bc:	00b700a3          	sb	a1,1(a4)
     4c0:	00b70023          	sb	a1,0(a4)
     4c4:	8082                	ret
     4c6:	0ff5f593          	andi	a1,a1,255
     4ca:	00859693          	slli	a3,a1,0x8
     4ce:	8dd5                	or	a1,a1,a3
     4d0:	01059693          	slli	a3,a1,0x10
     4d4:	8dd5                	or	a1,a1,a3
     4d6:	b761                	j	45e <memset+0x10>
     4d8:	00279693          	slli	a3,a5,0x2
     4dc:	00000297          	auipc	t0,0x0
     4e0:	9696                	add	a3,a3,t0
     4e2:	8286                	mv	t0,ra
     4e4:	fa8680e7          	jalr	-88(a3)
     4e8:	8096                	mv	ra,t0
     4ea:	17c1                	addi	a5,a5,-16
     4ec:	8f1d                	sub	a4,a4,a5
     4ee:	963e                	add	a2,a2,a5
     4f0:	f8c374e3          	bgeu	t1,a2,478 <memset+0x2a>
     4f4:	b7a5                	j	45c <memset+0xe>

000004f6 <LED::Task(LED*)>:
     4f6:	f29ff2ef          	jal	t0,41e <__riscv_save_0>
     4fa:	40011437          	lui	s0,0x40011
     4fe:	84aa                	mv	s1,a0
     500:	c0040413          	addi	s0,s0,-1024 # 40010c00 <__freertos_irq_stack_top+0x2000bc00>
     504:	0204c603          	lbu	a2,32(s1)
     508:	8522                	mv	a0,s0
     50a:	4585                	li	a1,1
     50c:	00164613          	xori	a2,a2,1
     510:	02c48023          	sb	a2,32(s1)
     514:	760000ef          	jal	ra,c74 <GPIO_WriteBit>
     518:	0c800513          	li	a0,200
     51c:	031010ef          	jal	ra,1d4c <vTaskDelay>
     520:	b7d5                	j	504 <LED::Task(LED*)+0xe>

00000522 <TouchKey::Task(TouchKey*)>:
     522:	ee3ff2ef          	jal	t0,404 <__riscv_save_4>
     526:	200004b7          	lui	s1,0x20000
     52a:	6905                	lui	s2,0x1
     52c:	69c1                	lui	s3,0x10
     52e:	20000a37          	lui	s4,0x20000
     532:	14448493          	addi	s1,s1,324 # 20000144 <GpioManager::m_gpio>
     536:	fd290913          	addi	s2,s2,-46 # fd2 <pvPortMalloc+0x12e>
     53a:	19fd                	addi	s3,s3,-1
     53c:	00004ab7          	lui	s5,0x4
     540:	0c0a2703          	lw	a4,192(s4) # 200000c0 <GpioManager::m_count>
     544:	4785                	li	a5,1
     546:	06e7d663          	bge	a5,a4,5b2 <TouchKey::Task(TouchKey*)+0x90>
     54a:	40dc                	lw	a5,4(s1)
     54c:	0207c783          	lbu	a5,32(a5)
     550:	cba9                	beqz	a5,5a2 <TouchKey::Task(TouchKey*)+0x80>
     552:	40012437          	lui	s0,0x40012
     556:	40040513          	addi	a0,s0,1024 # 40012400 <__freertos_irq_stack_top+0x2000d400>
     55a:	4685                	li	a3,1
     55c:	4605                	li	a2,1
     55e:	4585                	li	a1,1
     560:	23b9                	jal	aae <ADC_RegularChannelConfig>
     562:	40040413          	addi	s0,s0,1024
     566:	47c1                	li	a5,16
     568:	c47c                	sw	a5,76(s0)
     56a:	4589                	li	a1,2
     56c:	8522                	mv	a0,s0
     56e:	2be5                	jal	b66 <ADC_GetFlagStatus>
     570:	dd6d                	beqz	a0,56a <TouchKey::Task(TouchKey*)+0x48>
     572:	400127b7          	lui	a5,0x40012
     576:	44c7a403          	lw	s0,1100(a5) # 4001244c <__freertos_irq_stack_top+0x2000d44c>
     57a:	40011537          	lui	a0,0x40011
     57e:	4589                	li	a1,2
     580:	01041613          	slli	a2,s0,0x10
     584:	8241                	srli	a2,a2,0x10
     586:	01263633          	sltu	a2,a2,s2
     58a:	00164613          	xori	a2,a2,1
     58e:	c0050513          	addi	a0,a0,-1024 # 40010c00 <__freertos_irq_stack_top+0x2000bc00>
     592:	25cd                	jal	c74 <GPIO_WriteBit>
     594:	013475b3          	and	a1,s0,s3
     598:	c5ca8513          	addi	a0,s5,-932 # 3c5c <_read+0x9e>
     59c:	416020ef          	jal	ra,29b2 <iprintf>
     5a0:	b745                	j	540 <TouchKey::Task(TouchKey*)+0x1e>
     5a2:	40011537          	lui	a0,0x40011
     5a6:	4605                	li	a2,1
     5a8:	4589                	li	a1,2
     5aa:	c0050513          	addi	a0,a0,-1024 # 40010c00 <__freertos_irq_stack_top+0x2000bc00>
     5ae:	25d9                	jal	c74 <GPIO_WriteBit>
     5b0:	bf41                	j	540 <TouchKey::Task(TouchKey*)+0x1e>
     5b2:	02004783          	lbu	a5,32(zero) # 20 <_einit+0x1c>
     5b6:	9002                	ebreak

000005b8 <TouchKey::oninit(TouchKey*)>:
     5b8:	e67ff2ef          	jal	t0,41e <__riscv_save_0>
     5bc:	842a                	mv	s0,a0
     5be:	4585                	li	a1,1
     5c0:	20000513          	li	a0,512
     5c4:	7a8000ef          	jal	ra,d6c <RCC_APB2PeriphClockCmd>
     5c8:	6531                	lui	a0,0xc
     5ca:	2dc9                	jal	c9c <RCC_ADCCLKConfig>
     5cc:	02040593          	addi	a1,s0,32
     5d0:	40012437          	lui	s0,0x40012
     5d4:	40040513          	addi	a0,s0,1024 # 40012400 <__freertos_irq_stack_top+0x2000d400>
     5d8:	2985                	jal	a48 <ADC_Init>
     5da:	40040513          	addi	a0,s0,1024
     5de:	4585                	li	a1,1
     5e0:	297d                	jal	a9e <ADC_Cmd>
     5e2:	40442783          	lw	a5,1028(s0)
     5e6:	05000737          	lui	a4,0x5000
     5ea:	40040413          	addi	s0,s0,1024
     5ee:	8fd9                	or	a5,a5,a4
     5f0:	c05c                	sw	a5,4(s0)
     5f2:	02000793          	li	a5,32
     5f6:	dc5c                	sw	a5,60(s0)
     5f8:	b5a9                	j	442 <__riscv_restore_0>

000005fa <GpioManager::IoClock(void*, bool)>:
     5fa:	400117b7          	lui	a5,0x40011
     5fe:	80078713          	addi	a4,a5,-2048 # 40010800 <__freertos_irq_stack_top+0x2000b800>
     602:	02e50563          	beq	a0,a4,62c <GpioManager::IoClock(void*, bool)+0x32>
     606:	c0078713          	addi	a4,a5,-1024
     60a:	02e50363          	beq	a0,a4,630 <GpioManager::IoClock(void*, bool)+0x36>
     60e:	02f50363          	beq	a0,a5,634 <GpioManager::IoClock(void*, bool)+0x3a>
     612:	40078793          	addi	a5,a5,1024
     616:	02f50163          	beq	a0,a5,638 <GpioManager::IoClock(void*, bool)+0x3e>
     61a:	400107b7          	lui	a5,0x40010
     61e:	02f51063          	bne	a0,a5,63e <GpioManager::IoClock(void*, bool)+0x44>
     622:	4505                	li	a0,1
     624:	dfbff2ef          	jal	t0,41e <__riscv_save_0>
     628:	2791                	jal	d6c <RCC_APB2PeriphClockCmd>
     62a:	bd21                	j	442 <__riscv_restore_0>
     62c:	4511                	li	a0,4
     62e:	bfdd                	j	624 <GpioManager::IoClock(void*, bool)+0x2a>
     630:	4521                	li	a0,8
     632:	bfcd                	j	624 <GpioManager::IoClock(void*, bool)+0x2a>
     634:	4541                	li	a0,16
     636:	b7fd                	j	624 <GpioManager::IoClock(void*, bool)+0x2a>
     638:	02000513          	li	a0,32
     63c:	b7e5                	j	624 <GpioManager::IoClock(void*, bool)+0x2a>
     63e:	8082                	ret

00000640 <GpioManager::AddGpio(Gpio*)>:
     640:	200006b7          	lui	a3,0x20000
     644:	0c068693          	addi	a3,a3,192 # 200000c0 <GpioManager::m_count>
     648:	429c                	lw	a5,0(a3)
     64a:	470d                	li	a4,3
     64c:	02f75663          	bge	a4,a5,678 <GpioManager::AddGpio(Gpio*)+0x38>
     650:	dcfff2ef          	jal	t0,41e <__riscv_save_0>
     654:	6789                	lui	a5,0x2
     656:	80078793          	addi	a5,a5,-2048 # 1800 <xTaskCreate+0x60>
     65a:	30079073          	csrw	mstatus,a5
     65e:	00004637          	lui	a2,0x4
     662:	00004537          	lui	a0,0x4
     666:	bf860613          	addi	a2,a2,-1032 # 3bf8 <_read+0x3a>
     66a:	02f00593          	li	a1,47
     66e:	c1450513          	addi	a0,a0,-1004 # 3c14 <_read+0x56>
     672:	340020ef          	jal	ra,29b2 <iprintf>
     676:	a001                	j	676 <GpioManager::AddGpio(Gpio*)+0x36>
     678:	20000737          	lui	a4,0x20000
     67c:	00279613          	slli	a2,a5,0x2
     680:	14470713          	addi	a4,a4,324 # 20000144 <GpioManager::m_gpio>
     684:	9732                	add	a4,a4,a2
     686:	0785                	addi	a5,a5,1
     688:	c308                	sw	a0,0(a4)
     68a:	c29c                	sw	a5,0(a3)
     68c:	8082                	ret

0000068e <GpioManager::Init()>:
     68e:	d77ff2ef          	jal	t0,404 <__riscv_save_4>
     692:	1141                	addi	sp,sp,-16
     694:	4585                	li	a1,1
     696:	4521                	li	a0,8
     698:	2dd1                	jal	d6c <RCC_APB2PeriphClockCmd>
     69a:	40011437          	lui	s0,0x40011
     69e:	200005b7          	lui	a1,0x20000
     6a2:	c0040513          	addi	a0,s0,-1024 # 40010c00 <__freertos_irq_stack_top+0x2000bc00>
     6a6:	00058593          	mv	a1,a1
     6aa:	29c1                	jal	b7a <GPIO_Init>
     6ac:	4605                	li	a2,1
     6ae:	4589                	li	a1,2
     6b0:	c0040513          	addi	a0,s0,-1024
     6b4:	23c1                	jal	c74 <GPIO_WriteBit>
     6b6:	20000937          	lui	s2,0x20000
     6ba:	0b090793          	addi	a5,s2,176 # 200000b0 <_edata>
     6be:	239c                	lbu	a5,0(a5)
     6c0:	0ff0000f          	fence
     6c4:	0ff7f793          	andi	a5,a5,255
     6c8:	200004b7          	lui	s1,0x20000
     6cc:	e3ad                	bnez	a5,72e <GpioManager::Init()+0xa0>
     6ce:	0b090513          	addi	a0,s2,176
     6d2:	67d010ef          	jal	ra,254e <__cxa_guard_acquire>
     6d6:	cd21                	beqz	a0,72e <GpioManager::Init()+0xa0>
     6d8:	15448793          	addi	a5,s1,340 # 20000154 <GpioManager::Init()::g_TouchKey>
     6dc:	4709                	li	a4,2
     6de:	a7da                	sh	a4,12(a5)
     6e0:	40012737          	lui	a4,0x40012
     6e4:	40070713          	addi	a4,a4,1024 # 40012400 <__freertos_irq_stack_top+0x2000d400>
     6e8:	cf98                	sw	a4,24(a5)
     6ea:	000e0737          	lui	a4,0xe0
     6ee:	d7d8                	sw	a4,44(a5)
     6f0:	4705                	li	a4,1
     6f2:	02e78a23          	sb	a4,52(a5)
     6f6:	00000737          	lui	a4,0x0
     6fa:	80040413          	addi	s0,s0,-2048
     6fe:	5b870713          	addi	a4,a4,1464 # 5b8 <TouchKey::oninit(TouchKey*)>
     702:	00078223          	sb	zero,4(a5)
     706:	c780                	sw	s0,8(a5)
     708:	0007a823          	sw	zero,16(a5)
     70c:	0007aa23          	sw	zero,20(a5)
     710:	0007ae23          	sw	zero,28(a5)
     714:	c398                	sw	a4,0(a5)
     716:	0b090513          	addi	a0,s2,176
     71a:	0207a023          	sw	zero,32(a5)
     71e:	0207a223          	sw	zero,36(a5)
     722:	0207a423          	sw	zero,40(a5)
     726:	0207a823          	sw	zero,48(a5)
     72a:	63b010ef          	jal	ra,2564 <__cxa_guard_release>
     72e:	15448513          	addi	a0,s1,340
     732:	3739                	jal	640 <GpioManager::AddGpio(Gpio*)>
     734:	000045b7          	lui	a1,0x4
     738:	00000537          	lui	a0,0x0
     73c:	003c                	addi	a5,sp,8
     73e:	15448693          	addi	a3,s1,340
     742:	4715                	li	a4,5
     744:	10000613          	li	a2,256
     748:	bd058593          	addi	a1,a1,-1072 # 3bd0 <_read+0x12>
     74c:	52250513          	addi	a0,a0,1314 # 522 <TouchKey::Task(TouchKey*)>
     750:	c402                	sw	zero,8(sp)
     752:	200004b7          	lui	s1,0x20000
     756:	04a010ef          	jal	ra,17a0 <xTaskCreate>
     75a:	0b848793          	addi	a5,s1,184 # 200000b8 <guard variable for GpioManager::Init()::g_LED>
     75e:	239c                	lbu	a5,0(a5)
     760:	0ff0000f          	fence
     764:	0ff7f793          	andi	a5,a5,255
     768:	ef9d                	bnez	a5,7a6 <GpioManager::Init()+0x118>
     76a:	0b848513          	addi	a0,s1,184
     76e:	5e1010ef          	jal	ra,254e <__cxa_guard_acquire>
     772:	c915                	beqz	a0,7a6 <GpioManager::Init()+0x118>
     774:	40011737          	lui	a4,0x40011
     778:	90418793          	addi	a5,gp,-1788 # 20000194 <GpioManager::Init()::g_LED>
     77c:	c0070713          	addi	a4,a4,-1024 # 40010c00 <__freertos_irq_stack_top+0x2000bc00>
     780:	c798                	sw	a4,8(a5)
     782:	4705                	li	a4,1
     784:	a7da                	sh	a4,12(a5)
     786:	470d                	li	a4,3
     788:	cb98                	sw	a4,16(a5)
     78a:	4741                	li	a4,16
     78c:	0007a023          	sw	zero,0(a5)
     790:	00078223          	sb	zero,4(a5)
     794:	cbd8                	sw	a4,20(a5)
     796:	0007ac23          	sw	zero,24(a5)
     79a:	0007ae23          	sw	zero,28(a5)
     79e:	0b848513          	addi	a0,s1,184
     7a2:	5c3010ef          	jal	ra,2564 <__cxa_guard_release>
     7a6:	90418513          	addi	a0,gp,-1788 # 20000194 <GpioManager::Init()::g_LED>
     7aa:	3d59                	jal	640 <GpioManager::AddGpio(Gpio*)>
     7ac:	000045b7          	lui	a1,0x4
     7b0:	00000537          	lui	a0,0x0
     7b4:	90418693          	addi	a3,gp,-1788 # 20000194 <GpioManager::Init()::g_LED>
     7b8:	007c                	addi	a5,sp,12
     7ba:	4715                	li	a4,5
     7bc:	10000613          	li	a2,256
     7c0:	bdc58593          	addi	a1,a1,-1060 # 3bdc <_read+0x1e>
     7c4:	4f650513          	addi	a0,a0,1270 # 4f6 <LED::Task(LED*)>
     7c8:	20000437          	lui	s0,0x20000
     7cc:	c602                	sw	zero,12(sp)
     7ce:	14440413          	addi	s0,s0,324 # 20000144 <GpioManager::m_gpio>
     7d2:	7cf000ef          	jal	ra,17a0 <xTaskCreate>
     7d6:	4481                	li	s1,0
     7d8:	20000937          	lui	s2,0x20000
     7dc:	4985                	li	s3,1
     7de:	0c092583          	lw	a1,192(s2) # 200000c0 <GpioManager::m_count>
     7e2:	02b4d763          	bge	s1,a1,810 <__stack_size+0x10>
     7e6:	401c                	lw	a5,0(s0)
     7e8:	23d8                	lbu	a4,4(a5)
     7ea:	e305                	bnez	a4,80a <__stack_size+0xa>
     7ec:	4788                	lw	a0,8(a5)
     7ee:	4585                	li	a1,1
     7f0:	3529                	jal	5fa <GpioManager::IoClock(void*, bool)>
     7f2:	401c                	lw	a5,0(s0)
     7f4:	4788                	lw	a0,8(a5)
     7f6:	00c78593          	addi	a1,a5,12
     7fa:	2641                	jal	b7a <GPIO_Init>
     7fc:	4008                	lw	a0,0(s0)
     7fe:	411c                	lw	a5,0(a0)
     800:	c391                	beqz	a5,804 <__stack_size+0x4>
     802:	9782                	jalr	a5
     804:	401c                	lw	a5,0(s0)
     806:	01378223          	sb	s3,4(a5)
     80a:	0485                	addi	s1,s1,1
     80c:	0411                	addi	s0,s0,4
     80e:	bfc1                	j	7de <GpioManager::Init()+0x150>
     810:	00004537          	lui	a0,0x4
     814:	be050513          	addi	a0,a0,-1056 # 3be0 <_read+0x22>
     818:	19a020ef          	jal	ra,29b2 <iprintf>
     81c:	0141                	addi	sp,sp,16
     81e:	b929                	j	438 <__riscv_restore_4>

00000820 <NMI_Handler>:
     820:	a001                	j	820 <NMI_Handler>

00000822 <HardFault_Handler>:
     822:	1141                	addi	sp,sp,-16
     824:	c43e                	sw	a5,8(sp)
     826:	beef07b7          	lui	a5,0xbeef0
     82a:	c63a                	sw	a4,12(sp)
     82c:	08078793          	addi	a5,a5,128 # beef0080 <__freertos_irq_stack_top+0x9eeeb080>
     830:	e000e737          	lui	a4,0xe000e
     834:	c73c                	sw	a5,72(a4)
     836:	a001                	j	836 <HardFault_Handler+0x14>

00000838 <SystemInit>:
     838:	400217b7          	lui	a5,0x40021
     83c:	4398                	lw	a4,0(a5)
     83e:	f0ff06b7          	lui	a3,0xf0ff0
     842:	1141                	addi	sp,sp,-16
     844:	00176713          	ori	a4,a4,1
     848:	c398                	sw	a4,0(a5)
     84a:	43d8                	lw	a4,4(a5)
     84c:	00020637          	lui	a2,0x20
     850:	8f75                	and	a4,a4,a3
     852:	c3d8                	sw	a4,4(a5)
     854:	4398                	lw	a4,0(a5)
     856:	fef706b7          	lui	a3,0xfef70
     85a:	16fd                	addi	a3,a3,-1
     85c:	8f75                	and	a4,a4,a3
     85e:	c398                	sw	a4,0(a5)
     860:	4398                	lw	a4,0(a5)
     862:	fffc06b7          	lui	a3,0xfffc0
     866:	16fd                	addi	a3,a3,-1
     868:	8f75                	and	a4,a4,a3
     86a:	c398                	sw	a4,0(a5)
     86c:	43d8                	lw	a4,4(a5)
     86e:	ff0106b7          	lui	a3,0xff010
     872:	16fd                	addi	a3,a3,-1
     874:	8f75                	and	a4,a4,a3
     876:	c3d8                	sw	a4,4(a5)
     878:	009f0737          	lui	a4,0x9f0
     87c:	c798                	sw	a4,8(a5)
     87e:	c402                	sw	zero,8(sp)
     880:	c602                	sw	zero,12(sp)
     882:	4398                	lw	a4,0(a5)
     884:	66c1                	lui	a3,0x10
     886:	8f55                	or	a4,a4,a3
     888:	c398                	sw	a4,0(a5)
     88a:	400216b7          	lui	a3,0x40021
     88e:	6705                	lui	a4,0x1
     890:	429c                	lw	a5,0(a3)
     892:	8ff1                	and	a5,a5,a2
     894:	c63e                	sw	a5,12(sp)
     896:	47a2                	lw	a5,8(sp)
     898:	0785                	addi	a5,a5,1
     89a:	c43e                	sw	a5,8(sp)
     89c:	47b2                	lw	a5,12(sp)
     89e:	e781                	bnez	a5,8a6 <SystemInit+0x6e>
     8a0:	47a2                	lw	a5,8(sp)
     8a2:	fee797e3          	bne	a5,a4,890 <SystemInit+0x58>
     8a6:	400217b7          	lui	a5,0x40021
     8aa:	439c                	lw	a5,0(a5)
     8ac:	00e79713          	slli	a4,a5,0xe
     8b0:	06075763          	bgez	a4,91e <SystemInit+0xe6>
     8b4:	4785                	li	a5,1
     8b6:	c63e                	sw	a5,12(sp)
     8b8:	4732                	lw	a4,12(sp)
     8ba:	4785                	li	a5,1
     8bc:	04f71f63          	bne	a4,a5,91a <SystemInit+0xe2>
     8c0:	400217b7          	lui	a5,0x40021
     8c4:	43d8                	lw	a4,4(a5)
     8c6:	ffc106b7          	lui	a3,0xffc10
     8ca:	16fd                	addi	a3,a3,-1
     8cc:	c3d8                	sw	a4,4(a5)
     8ce:	43d8                	lw	a4,4(a5)
     8d0:	c3d8                	sw	a4,4(a5)
     8d2:	43d8                	lw	a4,4(a5)
     8d4:	40076713          	ori	a4,a4,1024
     8d8:	c3d8                	sw	a4,4(a5)
     8da:	43d8                	lw	a4,4(a5)
     8dc:	8f75                	and	a4,a4,a3
     8de:	c3d8                	sw	a4,4(a5)
     8e0:	43d8                	lw	a4,4(a5)
     8e2:	002906b7          	lui	a3,0x290
     8e6:	8f55                	or	a4,a4,a3
     8e8:	c3d8                	sw	a4,4(a5)
     8ea:	4398                	lw	a4,0(a5)
     8ec:	010006b7          	lui	a3,0x1000
     8f0:	8f55                	or	a4,a4,a3
     8f2:	c398                	sw	a4,0(a5)
     8f4:	4398                	lw	a4,0(a5)
     8f6:	00671693          	slli	a3,a4,0x6
     8fa:	fe06dde3          	bgez	a3,8f4 <SystemInit+0xbc>
     8fe:	43d8                	lw	a4,4(a5)
     900:	400216b7          	lui	a3,0x40021
     904:	9b71                	andi	a4,a4,-4
     906:	c3d8                	sw	a4,4(a5)
     908:	43d8                	lw	a4,4(a5)
     90a:	00276713          	ori	a4,a4,2
     90e:	c3d8                	sw	a4,4(a5)
     910:	4721                	li	a4,8
     912:	42dc                	lw	a5,4(a3)
     914:	8bb1                	andi	a5,a5,12
     916:	fee79ee3          	bne	a5,a4,912 <SystemInit+0xda>
     91a:	0141                	addi	sp,sp,16
     91c:	8082                	ret
     91e:	c602                	sw	zero,12(sp)
     920:	bf61                	j	8b8 <SystemInit+0x80>

00000922 <SystemCoreClockUpdate>:
     922:	400216b7          	lui	a3,0x40021
     926:	42dc                	lw	a5,4(a3)
     928:	20000737          	lui	a4,0x20000
     92c:	4611                	li	a2,4
     92e:	8bb1                	andi	a5,a5,12
     930:	09070713          	addi	a4,a4,144 # 20000090 <SystemCoreClock>
     934:	00c78563          	beq	a5,a2,93e <SystemCoreClockUpdate+0x1c>
     938:	4621                	li	a2,8
     93a:	02c78863          	beq	a5,a2,96a <SystemCoreClockUpdate+0x48>
     93e:	007a17b7          	lui	a5,0x7a1
     942:	20078793          	addi	a5,a5,512 # 7a1200 <_data_lma+0x79d298>
     946:	c31c                	sw	a5,0(a4)
     948:	400217b7          	lui	a5,0x40021
     94c:	43dc                	lw	a5,4(a5)
     94e:	8391                	srli	a5,a5,0x4
     950:	00f7f693          	andi	a3,a5,15
     954:	200007b7          	lui	a5,0x20000
     958:	00c78793          	addi	a5,a5,12 # 2000000c <AHBPrescTable>
     95c:	97b6                	add	a5,a5,a3
     95e:	2394                	lbu	a3,0(a5)
     960:	431c                	lw	a5,0(a4)
     962:	00d7d7b3          	srl	a5,a5,a3
     966:	c31c                	sw	a5,0(a4)
     968:	8082                	ret
     96a:	42dc                	lw	a5,4(a3)
     96c:	42d4                	lw	a3,4(a3)
     96e:	6641                	lui	a2,0x10
     970:	83c9                	srli	a5,a5,0x12
     972:	8bbd                	andi	a5,a5,15
     974:	8ef1                	and	a3,a3,a2
     976:	0789                	addi	a5,a5,2
     978:	4645                	li	a2,17
     97a:	00c79363          	bne	a5,a2,980 <SystemCoreClockUpdate+0x5e>
     97e:	47c9                	li	a5,18
     980:	ee81                	bnez	a3,998 <SystemCoreClockUpdate+0x76>
     982:	400246b7          	lui	a3,0x40024
     986:	8006a683          	lw	a3,-2048(a3) # 40023800 <__freertos_irq_stack_top+0x2001e800>
     98a:	8ac1                	andi	a3,a3,16
     98c:	ce89                	beqz	a3,9a6 <SystemCoreClockUpdate+0x84>
     98e:	007a16b7          	lui	a3,0x7a1
     992:	20068693          	addi	a3,a3,512 # 7a1200 <_data_lma+0x79d298>
     996:	a821                	j	9ae <SystemCoreClockUpdate+0x8c>
     998:	400216b7          	lui	a3,0x40021
     99c:	42d4                	lw	a3,4(a3)
     99e:	00e69613          	slli	a2,a3,0xe
     9a2:	fe0656e3          	bgez	a2,98e <SystemCoreClockUpdate+0x6c>
     9a6:	003d16b7          	lui	a3,0x3d1
     9aa:	90068693          	addi	a3,a3,-1792 # 3d0900 <_data_lma+0x3cc998>
     9ae:	02d787b3          	mul	a5,a5,a3
     9b2:	bf51                	j	946 <SystemCoreClockUpdate+0x24>

000009b4 <ADC1_2_IRQHandler>:
     9b4:	a001                	j	9b4 <ADC1_2_IRQHandler>

000009b6 <handle_reset>:
     9b6:	20000197          	auipc	gp,0x20000
     9ba:	eda18193          	addi	gp,gp,-294 # 20000890 <__global_pointer$>
     9be:	20004117          	auipc	sp,0x20004
     9c2:	64210113          	addi	sp,sp,1602 # 20005000 <__freertos_irq_stack_top>
     9c6:	00003517          	auipc	a0,0x3
     9ca:	5a250513          	addi	a0,a0,1442 # 3f68 <_data_lma>
     9ce:	1ffff597          	auipc	a1,0x1ffff
     9d2:	63258593          	addi	a1,a1,1586 # 20000000 <_data_vma>
     9d6:	82018613          	addi	a2,gp,-2016 # 200000b0 <_edata>
     9da:	00c5fa63          	bgeu	a1,a2,9ee <handle_reset+0x38>
     9de:	00052283          	lw	t0,0(a0)
     9e2:	0055a023          	sw	t0,0(a1)
     9e6:	0511                	addi	a0,a0,4
     9e8:	0591                	addi	a1,a1,4
     9ea:	fec5eae3          	bltu	a1,a2,9de <handle_reset+0x28>
     9ee:	1ffff517          	auipc	a0,0x1ffff
     9f2:	6c250513          	addi	a0,a0,1730 # 200000b0 <_edata>
     9f6:	20001597          	auipc	a1,0x20001
     9fa:	91e58593          	addi	a1,a1,-1762 # 20001314 <_ebss>
     9fe:	00b57763          	bgeu	a0,a1,a0c <handle_reset+0x56>
     a02:	00052023          	sw	zero,0(a0)
     a06:	0511                	addi	a0,a0,4
     a08:	feb56de3          	bltu	a0,a1,a02 <handle_reset+0x4c>
     a0c:	42fd                	li	t0,31
     a0e:	bc029073          	csrw	0xbc0,t0
     a12:	4289                	li	t0,2
     a14:	80429073          	csrw	0x804,t0
     a18:	000022b7          	lui	t0,0x2
     a1c:	80028293          	addi	t0,t0,-2048 # 1800 <xTaskCreate+0x60>
     a20:	30029073          	csrw	mstatus,t0
     a24:	fffff297          	auipc	t0,0xfffff
     a28:	5e028293          	addi	t0,t0,1504 # 4 <_einit>
     a2c:	0032e293          	ori	t0,t0,3
     a30:	30529073          	csrw	mtvec,t0
     a34:	e05ff0ef          	jal	ra,838 <SystemInit>
     a38:	00002297          	auipc	t0,0x2
     a3c:	ab628293          	addi	t0,t0,-1354 # 24ee <main>
     a40:	34129073          	csrw	mepc,t0
     a44:	30200073          	mret

00000a48 <ADC_Init>:
     a48:	415c                	lw	a5,4(a0)
     a4a:	e0f10737          	lui	a4,0xe0f10
     a4e:	eff70713          	addi	a4,a4,-257 # e0f0feff <__freertos_irq_stack_top+0xc0f0aeff>
     a52:	4d94                	lw	a3,24(a1)
     a54:	8f7d                	and	a4,a4,a5
     a56:	419c                	lw	a5,0(a1)
     a58:	8fd5                	or	a5,a5,a3
     a5a:	4dd4                	lw	a3,28(a1)
     a5c:	8fd5                	or	a5,a5,a3
     a5e:	41d4                	lw	a3,4(a1)
     a60:	06a2                	slli	a3,a3,0x8
     a62:	8fd5                	or	a5,a5,a3
     a64:	8fd9                	or	a5,a5,a4
     a66:	c15c                	sw	a5,4(a0)
     a68:	451c                	lw	a5,8(a0)
     a6a:	fff1f737          	lui	a4,0xfff1f
     a6e:	7fd70713          	addi	a4,a4,2045 # fff1f7fd <__freertos_irq_stack_top+0xdff1a7fd>
     a72:	45d4                	lw	a3,12(a1)
     a74:	8f7d                	and	a4,a4,a5
     a76:	499c                	lw	a5,16(a1)
     a78:	8fd5                	or	a5,a5,a3
     a7a:	4594                	lw	a3,8(a1)
     a7c:	0686                	slli	a3,a3,0x1
     a7e:	8fd5                	or	a5,a5,a3
     a80:	8fd9                	or	a5,a5,a4
     a82:	c51c                	sw	a5,8(a0)
     a84:	555c                	lw	a5,44(a0)
     a86:	ff100737          	lui	a4,0xff100
     a8a:	177d                	addi	a4,a4,-1
     a8c:	8f7d                	and	a4,a4,a5
     a8e:	29dc                	lbu	a5,20(a1)
     a90:	17fd                	addi	a5,a5,-1
     a92:	0ff7f793          	andi	a5,a5,255
     a96:	07d2                	slli	a5,a5,0x14
     a98:	8fd9                	or	a5,a5,a4
     a9a:	d55c                	sw	a5,44(a0)
     a9c:	8082                	ret

00000a9e <ADC_Cmd>:
     a9e:	451c                	lw	a5,8(a0)
     aa0:	c589                	beqz	a1,aaa <ADC_Cmd+0xc>
     aa2:	0017e793          	ori	a5,a5,1
     aa6:	c51c                	sw	a5,8(a0)
     aa8:	8082                	ret
     aaa:	9bf9                	andi	a5,a5,-2
     aac:	bfed                	j	aa6 <ADC_Cmd+0x8>

00000aae <ADC_RegularChannelConfig>:
     aae:	47a5                	li	a5,9
     ab0:	04b7f763          	bgeu	a5,a1,afe <ADC_RegularChannelConfig+0x50>
     ab4:	478d                	li	a5,3
     ab6:	ff658713          	addi	a4,a1,-10
     aba:	02f70733          	mul	a4,a4,a5
     abe:	00c52803          	lw	a6,12(a0)
     ac2:	479d                	li	a5,7
     ac4:	00e797b3          	sll	a5,a5,a4
     ac8:	fff7c793          	not	a5,a5
     acc:	0107f7b3          	and	a5,a5,a6
     ad0:	00e696b3          	sll	a3,a3,a4
     ad4:	8edd                	or	a3,a3,a5
     ad6:	c554                	sw	a3,12(a0)
     ad8:	4799                	li	a5,6
     ada:	04c7e363          	bltu	a5,a2,b20 <ADC_RegularChannelConfig+0x72>
     ade:	4795                	li	a5,5
     ae0:	167d                	addi	a2,a2,-1
     ae2:	02f60633          	mul	a2,a2,a5
     ae6:	5958                	lw	a4,52(a0)
     ae8:	47fd                	li	a5,31
     aea:	00c797b3          	sll	a5,a5,a2
     aee:	fff7c793          	not	a5,a5
     af2:	8ff9                	and	a5,a5,a4
     af4:	00c59633          	sll	a2,a1,a2
     af8:	8e5d                	or	a2,a2,a5
     afa:	d950                	sw	a2,52(a0)
     afc:	8082                	ret
     afe:	470d                	li	a4,3
     b00:	02e58733          	mul	a4,a1,a4
     b04:	01052803          	lw	a6,16(a0)
     b08:	479d                	li	a5,7
     b0a:	00e797b3          	sll	a5,a5,a4
     b0e:	fff7c793          	not	a5,a5
     b12:	0107f7b3          	and	a5,a5,a6
     b16:	00e696b3          	sll	a3,a3,a4
     b1a:	8edd                	or	a3,a3,a5
     b1c:	c914                	sw	a3,16(a0)
     b1e:	bf6d                	j	ad8 <ADC_RegularChannelConfig+0x2a>
     b20:	47b1                	li	a5,12
     b22:	02c7e263          	bltu	a5,a2,b46 <ADC_RegularChannelConfig+0x98>
     b26:	4795                	li	a5,5
     b28:	1665                	addi	a2,a2,-7
     b2a:	02f60633          	mul	a2,a2,a5
     b2e:	5918                	lw	a4,48(a0)
     b30:	47fd                	li	a5,31
     b32:	00c797b3          	sll	a5,a5,a2
     b36:	fff7c793          	not	a5,a5
     b3a:	8ff9                	and	a5,a5,a4
     b3c:	00c59633          	sll	a2,a1,a2
     b40:	8e5d                	or	a2,a2,a5
     b42:	d910                	sw	a2,48(a0)
     b44:	8082                	ret
     b46:	4795                	li	a5,5
     b48:	164d                	addi	a2,a2,-13
     b4a:	02f60633          	mul	a2,a2,a5
     b4e:	5558                	lw	a4,44(a0)
     b50:	47fd                	li	a5,31
     b52:	00c797b3          	sll	a5,a5,a2
     b56:	fff7c793          	not	a5,a5
     b5a:	8ff9                	and	a5,a5,a4
     b5c:	00c595b3          	sll	a1,a1,a2
     b60:	8ddd                	or	a1,a1,a5
     b62:	d54c                	sw	a1,44(a0)
     b64:	8082                	ret

00000b66 <ADC_GetFlagStatus>:
     b66:	4108                	lw	a0,0(a0)
     b68:	8d6d                	and	a0,a0,a1
     b6a:	00a03533          	snez	a0,a0
     b6e:	8082                	ret

00000b70 <DBGMCU_GetCHIPID>:
     b70:	1ffff7b7          	lui	a5,0x1ffff
     b74:	7047a503          	lw	a0,1796(a5) # 1ffff704 <_data_lma+0x1fffb79c>
     b78:	8082                	ret

00000b7a <GPIO_Init>:
     b7a:	459c                	lw	a5,8(a1)
     b7c:	0107f713          	andi	a4,a5,16
     b80:	00f7f813          	andi	a6,a5,15
     b84:	c701                	beqz	a4,b8c <GPIO_Init+0x12>
     b86:	41d8                	lw	a4,4(a1)
     b88:	00e86833          	or	a6,a6,a4
     b8c:	40022737          	lui	a4,0x40022
     b90:	5b14                	lw	a3,48(a4)
     b92:	0f000737          	lui	a4,0xf000
     b96:	8f75                	and	a4,a4,a3
     b98:	eb5d                	bnez	a4,c4e <GPIO_Init+0xd4>
     b9a:	20000737          	lui	a4,0x20000
     b9e:	4685                	li	a3,1
     ba0:	0cd70223          	sb	a3,196(a4) # 200000c4 <MCU_Version>
     ba4:	40011737          	lui	a4,0x40011
     ba8:	00e51563          	bne	a0,a4,bb2 <GPIO_Init+0x38>
     bac:	219a                	lhu	a4,0(a1)
     bae:	8335                	srli	a4,a4,0xd
     bb0:	a19a                	sh	a4,0(a1)
     bb2:	218e                	lhu	a1,0(a1)
     bb4:	0ff5f713          	andi	a4,a1,255
     bb8:	c339                	beqz	a4,bfe <GPIO_Init+0x84>
     bba:	4118                	lw	a4,0(a0)
     bbc:	4681                	li	a3,0
     bbe:	4e85                	li	t4,1
     bc0:	4f3d                	li	t5,15
     bc2:	02800f93          	li	t6,40
     bc6:	04800293          	li	t0,72
     bca:	4e21                	li	t3,8
     bcc:	00de9633          	sll	a2,t4,a3
     bd0:	00c5f8b3          	and	a7,a1,a2
     bd4:	03161163          	bne	a2,a7,bf6 <GPIO_Init+0x7c>
     bd8:	00269893          	slli	a7,a3,0x2
     bdc:	011f1333          	sll	t1,t5,a7
     be0:	fff34313          	not	t1,t1
     be4:	00e37733          	and	a4,t1,a4
     be8:	011818b3          	sll	a7,a6,a7
     bec:	00e8e733          	or	a4,a7,a4
     bf0:	07f79963          	bne	a5,t6,c62 <GPIO_Init+0xe8>
     bf4:	c950                	sw	a2,20(a0)
     bf6:	0685                	addi	a3,a3,1
     bf8:	fdc69ae3          	bne	a3,t3,bcc <GPIO_Init+0x52>
     bfc:	c118                	sw	a4,0(a0)
     bfe:	0ff00713          	li	a4,255
     c02:	04b77563          	bgeu	a4,a1,c4c <GPIO_Init+0xd2>
     c06:	4154                	lw	a3,4(a0)
     c08:	4621                	li	a2,8
     c0a:	4e85                	li	t4,1
     c0c:	4f3d                	li	t5,15
     c0e:	02800f93          	li	t6,40
     c12:	04800293          	li	t0,72
     c16:	4e41                	li	t3,16
     c18:	00ce98b3          	sll	a7,t4,a2
     c1c:	0115f733          	and	a4,a1,a7
     c20:	02e89263          	bne	a7,a4,c44 <GPIO_Init+0xca>
     c24:	00261713          	slli	a4,a2,0x2
     c28:	1701                	addi	a4,a4,-32
     c2a:	00ef1333          	sll	t1,t5,a4
     c2e:	fff34313          	not	t1,t1
     c32:	00d376b3          	and	a3,t1,a3
     c36:	00e81733          	sll	a4,a6,a4
     c3a:	8ed9                	or	a3,a3,a4
     c3c:	03f79763          	bne	a5,t6,c6a <GPIO_Init+0xf0>
     c40:	01152a23          	sw	a7,20(a0)
     c44:	0605                	addi	a2,a2,1
     c46:	fdc619e3          	bne	a2,t3,c18 <GPIO_Init+0x9e>
     c4a:	c154                	sw	a3,4(a0)
     c4c:	8082                	ret
     c4e:	40011737          	lui	a4,0x40011
     c52:	f6e510e3          	bne	a0,a4,bb2 <GPIO_Init+0x38>
     c56:	20000737          	lui	a4,0x20000
     c5a:	0c474703          	lbu	a4,196(a4) # 200000c4 <MCU_Version>
     c5e:	db31                	beqz	a4,bb2 <GPIO_Init+0x38>
     c60:	b7b1                	j	bac <GPIO_Init+0x32>
     c62:	f8579ae3          	bne	a5,t0,bf6 <GPIO_Init+0x7c>
     c66:	c910                	sw	a2,16(a0)
     c68:	b779                	j	bf6 <GPIO_Init+0x7c>
     c6a:	fc579de3          	bne	a5,t0,c44 <GPIO_Init+0xca>
     c6e:	01152823          	sw	a7,16(a0)
     c72:	bfc9                	j	c44 <GPIO_Init+0xca>

00000c74 <GPIO_WriteBit>:
     c74:	400117b7          	lui	a5,0x40011
     c78:	00f51863          	bne	a0,a5,c88 <GPIO_WriteBit+0x14>
     c7c:	200007b7          	lui	a5,0x20000
     c80:	0c47c783          	lbu	a5,196(a5) # 200000c4 <MCU_Version>
     c84:	c391                	beqz	a5,c88 <GPIO_WriteBit+0x14>
     c86:	81b5                	srli	a1,a1,0xd
     c88:	c219                	beqz	a2,c8e <GPIO_WriteBit+0x1a>
     c8a:	c90c                	sw	a1,16(a0)
     c8c:	8082                	ret
     c8e:	c94c                	sw	a1,20(a0)
     c90:	8082                	ret

00000c92 <NVIC_PriorityGroupConfig>:
     c92:	200007b7          	lui	a5,0x20000
     c96:	0ca7a423          	sw	a0,200(a5) # 200000c8 <NVIC_Priority_Group>
     c9a:	8082                	ret

00000c9c <RCC_ADCCLKConfig>:
     c9c:	400216b7          	lui	a3,0x40021
     ca0:	42dc                	lw	a5,4(a3)
     ca2:	7751                	lui	a4,0xffff4
     ca4:	177d                	addi	a4,a4,-1
     ca6:	8ff9                	and	a5,a5,a4
     ca8:	8d5d                	or	a0,a0,a5
     caa:	c2c8                	sw	a0,4(a3)
     cac:	8082                	ret

00000cae <RCC_GetClocksFreq>:
     cae:	40021737          	lui	a4,0x40021
     cb2:	435c                	lw	a5,4(a4)
     cb4:	4691                	li	a3,4
     cb6:	8bb1                	andi	a5,a5,12
     cb8:	00d78563          	beq	a5,a3,cc2 <RCC_GetClocksFreq+0x14>
     cbc:	46a1                	li	a3,8
     cbe:	06d78263          	beq	a5,a3,d22 <RCC_GetClocksFreq+0x74>
     cc2:	007a17b7          	lui	a5,0x7a1
     cc6:	20078793          	addi	a5,a5,512 # 7a1200 <_data_lma+0x79d298>
     cca:	c11c                	sw	a5,0(a0)
     ccc:	40021637          	lui	a2,0x40021
     cd0:	425c                	lw	a5,4(a2)
     cd2:	20000737          	lui	a4,0x20000
     cd6:	01c70713          	addi	a4,a4,28 # 2000001c <APBAHBPrescTable>
     cda:	8391                	srli	a5,a5,0x4
     cdc:	8bbd                	andi	a5,a5,15
     cde:	97ba                	add	a5,a5,a4
     ce0:	2394                	lbu	a3,0(a5)
     ce2:	411c                	lw	a5,0(a0)
     ce4:	00d7d7b3          	srl	a5,a5,a3
     ce8:	c15c                	sw	a5,4(a0)
     cea:	4254                	lw	a3,4(a2)
     cec:	82a1                	srli	a3,a3,0x8
     cee:	8a9d                	andi	a3,a3,7
     cf0:	96ba                	add	a3,a3,a4
     cf2:	2294                	lbu	a3,0(a3)
     cf4:	00d7d6b3          	srl	a3,a5,a3
     cf8:	c514                	sw	a3,8(a0)
     cfa:	4254                	lw	a3,4(a2)
     cfc:	82ad                	srli	a3,a3,0xb
     cfe:	8a9d                	andi	a3,a3,7
     d00:	9736                	add	a4,a4,a3
     d02:	2318                	lbu	a4,0(a4)
     d04:	00e7d7b3          	srl	a5,a5,a4
     d08:	c55c                	sw	a5,12(a0)
     d0a:	4258                	lw	a4,4(a2)
     d0c:	8339                	srli	a4,a4,0xe
     d0e:	00377693          	andi	a3,a4,3
     d12:	80418713          	addi	a4,gp,-2044 # 20000094 <ADCPrescTable>
     d16:	9736                	add	a4,a4,a3
     d18:	2318                	lbu	a4,0(a4)
     d1a:	02e7d7b3          	divu	a5,a5,a4
     d1e:	c91c                	sw	a5,16(a0)
     d20:	8082                	ret
     d22:	435c                	lw	a5,4(a4)
     d24:	4358                	lw	a4,4(a4)
     d26:	66c1                	lui	a3,0x10
     d28:	83c9                	srli	a5,a5,0x12
     d2a:	8bbd                	andi	a5,a5,15
     d2c:	8f75                	and	a4,a4,a3
     d2e:	0789                	addi	a5,a5,2
     d30:	46c5                	li	a3,17
     d32:	00d79363          	bne	a5,a3,d38 <RCC_GetClocksFreq+0x8a>
     d36:	47c9                	li	a5,18
     d38:	ef01                	bnez	a4,d50 <RCC_GetClocksFreq+0xa2>
     d3a:	40024737          	lui	a4,0x40024
     d3e:	80072703          	lw	a4,-2048(a4) # 40023800 <__freertos_irq_stack_top+0x2001e800>
     d42:	8b41                	andi	a4,a4,16
     d44:	cf09                	beqz	a4,d5e <RCC_GetClocksFreq+0xb0>
     d46:	007a1737          	lui	a4,0x7a1
     d4a:	20070713          	addi	a4,a4,512 # 7a1200 <_data_lma+0x79d298>
     d4e:	a821                	j	d66 <RCC_GetClocksFreq+0xb8>
     d50:	40021737          	lui	a4,0x40021
     d54:	4358                	lw	a4,4(a4)
     d56:	00e71693          	slli	a3,a4,0xe
     d5a:	fe06d6e3          	bgez	a3,d46 <RCC_GetClocksFreq+0x98>
     d5e:	003d1737          	lui	a4,0x3d1
     d62:	90070713          	addi	a4,a4,-1792 # 3d0900 <_data_lma+0x3cc998>
     d66:	02e787b3          	mul	a5,a5,a4
     d6a:	b785                	j	cca <RCC_GetClocksFreq+0x1c>

00000d6c <RCC_APB2PeriphClockCmd>:
     d6c:	c599                	beqz	a1,d7a <RCC_APB2PeriphClockCmd+0xe>
     d6e:	40021737          	lui	a4,0x40021
     d72:	4f1c                	lw	a5,24(a4)
     d74:	8d5d                	or	a0,a0,a5
     d76:	cf08                	sw	a0,24(a4)
     d78:	8082                	ret
     d7a:	400217b7          	lui	a5,0x40021
     d7e:	4f98                	lw	a4,24(a5)
     d80:	fff54513          	not	a0,a0
     d84:	8d79                	and	a0,a0,a4
     d86:	cf88                	sw	a0,24(a5)
     d88:	8082                	ret

00000d8a <USART_Init>:
     d8a:	e94ff2ef          	jal	t0,41e <__riscv_save_0>
     d8e:	291a                	lhu	a4,16(a0)
     d90:	77f5                	lui	a5,0xffffd
     d92:	17fd                	addi	a5,a5,-1
     d94:	8ff9                	and	a5,a5,a4
     d96:	21fa                	lhu	a4,6(a1)
     d98:	1101                	addi	sp,sp,-32
     d9a:	842a                	mv	s0,a0
     d9c:	8fd9                	or	a5,a5,a4
     d9e:	a91e                	sh	a5,16(a0)
     da0:	259a                	lhu	a4,8(a1)
     da2:	21de                	lhu	a5,4(a1)
     da4:	2556                	lhu	a3,12(a0)
     da6:	84ae                	mv	s1,a1
     da8:	8fd9                	or	a5,a5,a4
     daa:	25ba                	lhu	a4,10(a1)
     dac:	8fd9                	or	a5,a5,a4
     dae:	777d                	lui	a4,0xfffff
     db0:	9f370713          	addi	a4,a4,-1549 # ffffe9f3 <__freertos_irq_stack_top+0xdfff99f3>
     db4:	8f75                	and	a4,a4,a3
     db6:	8fd9                	or	a5,a5,a4
     db8:	a55e                	sh	a5,12(a0)
     dba:	295e                	lhu	a5,20(a0)
     dbc:	25da                	lhu	a4,12(a1)
     dbe:	07c2                	slli	a5,a5,0x10
     dc0:	83c1                	srli	a5,a5,0x10
     dc2:	cff7f793          	andi	a5,a5,-769
     dc6:	8fd9                	or	a5,a5,a4
     dc8:	a95e                	sh	a5,20(a0)
     dca:	0068                	addi	a0,sp,12
     dcc:	35cd                	jal	cae <RCC_GetClocksFreq>
     dce:	400147b7          	lui	a5,0x40014
     dd2:	80078793          	addi	a5,a5,-2048 # 40013800 <__freertos_irq_stack_top+0x2000e800>
     dd6:	04f41763          	bne	s0,a5,e24 <USART_Init+0x9a>
     dda:	47e2                	lw	a5,24(sp)
     ddc:	4565                	li	a0,25
     dde:	02f535b3          	mulhu	a1,a0,a5
     de2:	4090                	lw	a2,0(s1)
     de4:	4681                	li	a3,0
     de6:	060a                	slli	a2,a2,0x2
     de8:	02f50533          	mul	a0,a0,a5
     dec:	782010ef          	jal	ra,256e <__udivdi3>
     df0:	06400693          	li	a3,100
     df4:	02d55733          	divu	a4,a0,a3
     df8:	0712                	slli	a4,a4,0x4
     dfa:	00475793          	srli	a5,a4,0x4
     dfe:	02f687b3          	mul	a5,a3,a5
     e02:	8d1d                	sub	a0,a0,a5
     e04:	00451793          	slli	a5,a0,0x4
     e08:	03278513          	addi	a0,a5,50
     e0c:	63f00793          	li	a5,1599
     e10:	00a7fc63          	bgeu	a5,a0,e28 <USART_Init+0x9e>
     e14:	01070513          	addi	a0,a4,16
     e18:	0542                	slli	a0,a0,0x10
     e1a:	8141                	srli	a0,a0,0x10
     e1c:	a40a                	sh	a0,8(s0)
     e1e:	6105                	addi	sp,sp,32
     e20:	e22ff06f          	j	442 <__riscv_restore_0>
     e24:	47d2                	lw	a5,20(sp)
     e26:	bf5d                	j	ddc <USART_Init+0x52>
     e28:	02d55533          	divu	a0,a0,a3
     e2c:	8d59                	or	a0,a0,a4
     e2e:	b7ed                	j	e18 <USART_Init+0x8e>

00000e30 <USART_Cmd>:
     e30:	c591                	beqz	a1,e3c <USART_Cmd+0xc>
     e32:	255e                	lhu	a5,12(a0)
     e34:	6709                	lui	a4,0x2
     e36:	8fd9                	or	a5,a5,a4
     e38:	a55e                	sh	a5,12(a0)
     e3a:	8082                	ret
     e3c:	255a                	lhu	a4,12(a0)
     e3e:	77f9                	lui	a5,0xffffe
     e40:	17fd                	addi	a5,a5,-1
     e42:	8ff9                	and	a5,a5,a4
     e44:	bfd5                	j	e38 <USART_Cmd+0x8>

00000e46 <USART_SendData>:
     e46:	1ff5f593          	andi	a1,a1,511
     e4a:	a14e                	sh	a1,4(a0)
     e4c:	8082                	ret

00000e4e <USART_GetFlagStatus>:
     e4e:	210a                	lhu	a0,0(a0)
     e50:	8d6d                	and	a0,a0,a1
     e52:	00a03533          	snez	a0,a0
     e56:	8082                	ret

00000e58 <prvInsertBlockIntoFreeList>:
     e58:	200007b7          	lui	a5,0x20000
     e5c:	0e478793          	addi	a5,a5,228 # 200000e4 <xStart>
     e60:	4398                	lw	a4,0(a5)
     e62:	02a76f63          	bltu	a4,a0,ea0 <prvInsertBlockIntoFreeList+0x48>
     e66:	43d0                	lw	a2,4(a5)
     e68:	00c786b3          	add	a3,a5,a2
     e6c:	00d51663          	bne	a0,a3,e78 <prvInsertBlockIntoFreeList+0x20>
     e70:	4154                	lw	a3,4(a0)
     e72:	853e                	mv	a0,a5
     e74:	96b2                	add	a3,a3,a2
     e76:	c3d4                	sw	a3,4(a5)
     e78:	4150                	lw	a2,4(a0)
     e7a:	00c506b3          	add	a3,a0,a2
     e7e:	00d71c63          	bne	a4,a3,e96 <prvInsertBlockIntoFreeList+0x3e>
     e82:	200006b7          	lui	a3,0x20000
     e86:	0cc6a683          	lw	a3,204(a3) # 200000cc <pxEnd>
     e8a:	00d70663          	beq	a4,a3,e96 <prvInsertBlockIntoFreeList+0x3e>
     e8e:	4354                	lw	a3,4(a4)
     e90:	4318                	lw	a4,0(a4)
     e92:	96b2                	add	a3,a3,a2
     e94:	c154                	sw	a3,4(a0)
     e96:	c118                	sw	a4,0(a0)
     e98:	00f50363          	beq	a0,a5,e9e <prvInsertBlockIntoFreeList+0x46>
     e9c:	c388                	sw	a0,0(a5)
     e9e:	8082                	ret
     ea0:	87ba                	mv	a5,a4
     ea2:	bf7d                	j	e60 <prvInsertBlockIntoFreeList+0x8>

00000ea4 <pvPortMalloc>:
     ea4:	d60ff2ef          	jal	t0,404 <__riscv_save_4>
     ea8:	1141                	addi	sp,sp,-16
     eaa:	c62a                	sw	a0,12(sp)
     eac:	377000ef          	jal	ra,1a22 <vTaskSuspendAll>
     eb0:	200006b7          	lui	a3,0x20000
     eb4:	0cc6a783          	lw	a5,204(a3) # 200000cc <pxEnd>
     eb8:	20000637          	lui	a2,0x20000
     ebc:	0cc68693          	addi	a3,a3,204
     ec0:	0d060613          	addi	a2,a2,208 # 200000d0 <xBlockAllocatedBit>
     ec4:	4532                	lw	a0,12(sp)
     ec6:	efa1                	bnez	a5,f1e <pvPortMalloc+0x7a>
     ec8:	20000737          	lui	a4,0x20000
     ecc:	1b870793          	addi	a5,a4,440 # 200001b8 <ucHeap>
     ed0:	00f7f593          	andi	a1,a5,15
     ed4:	1b870713          	addi	a4,a4,440
     ed8:	c581                	beqz	a1,ee0 <pvPortMalloc+0x3c>
     eda:	00f78713          	addi	a4,a5,15
     ede:	9b41                	andi	a4,a4,-16
     ee0:	200005b7          	lui	a1,0x20000
     ee4:	0e458593          	addi	a1,a1,228 # 200000e4 <xStart>
     ee8:	0005a223          	sw	zero,4(a1)
     eec:	c198                	sw	a4,0(a1)
     eee:	6585                	lui	a1,0x1
     ef0:	15c1                	addi	a1,a1,-16
     ef2:	97ae                	add	a5,a5,a1
     ef4:	9bc1                	andi	a5,a5,-16
     ef6:	0007a223          	sw	zero,4(a5)
     efa:	0007a023          	sw	zero,0(a5)
     efe:	40e785b3          	sub	a1,a5,a4
     f02:	c29c                	sw	a5,0(a3)
     f04:	c31c                	sw	a5,0(a4)
     f06:	200007b7          	lui	a5,0x20000
     f0a:	0cb7ac23          	sw	a1,216(a5) # 200000d8 <xMinimumEverFreeBytesRemaining>
     f0e:	200007b7          	lui	a5,0x20000
     f12:	0cb7aa23          	sw	a1,212(a5) # 200000d4 <xFreeBytesRemaining>
     f16:	800007b7          	lui	a5,0x80000
     f1a:	c34c                	sw	a1,4(a4)
     f1c:	c21c                	sw	a5,0(a2)
     f1e:	00062a03          	lw	s4,0(a2)
     f22:	00aa77b3          	and	a5,s4,a0
     f26:	e385                	bnez	a5,f46 <pvPortMalloc+0xa2>
     f28:	fff50793          	addi	a5,a0,-1
     f2c:	5739                	li	a4,-18
     f2e:	00f76c63          	bltu	a4,a5,f46 <pvPortMalloc+0xa2>
     f32:	01050793          	addi	a5,a0,16
     f36:	00f7f713          	andi	a4,a5,15
     f3a:	c341                	beqz	a4,fba <pvPortMalloc+0x116>
     f3c:	ff07f713          	andi	a4,a5,-16
     f40:	0741                	addi	a4,a4,16
     f42:	06e7eb63          	bltu	a5,a4,fb8 <pvPortMalloc+0x114>
     f46:	4481                	li	s1,0
     f48:	a089                	j	f8a <pvPortMalloc+0xe6>
     f4a:	8722                	mv	a4,s0
     f4c:	842e                	mv	s0,a1
     f4e:	a061                	j	fd6 <pvPortMalloc+0x132>
     f50:	c158                	sw	a4,4(a0)
     f52:	c05c                	sw	a5,4(s0)
     f54:	3711                	jal	e58 <prvInsertBlockIntoFreeList>
     f56:	4058                	lw	a4,4(s0)
     f58:	200006b7          	lui	a3,0x20000
     f5c:	0d868693          	addi	a3,a3,216 # 200000d8 <xMinimumEverFreeBytesRemaining>
     f60:	4290                	lw	a2,0(a3)
     f62:	40e907b3          	sub	a5,s2,a4
     f66:	00f9a023          	sw	a5,0(s3) # 10000 <_data_lma+0xc098>
     f6a:	00c7f363          	bgeu	a5,a2,f70 <pvPortMalloc+0xcc>
     f6e:	c29c                	sw	a5,0(a3)
     f70:	200007b7          	lui	a5,0x20000
     f74:	00ea6733          	or	a4,s4,a4
     f78:	0dc78793          	addi	a5,a5,220 # 200000dc <xNumberOfSuccessfulAllocations>
     f7c:	c058                	sw	a4,4(s0)
     f7e:	4398                	lw	a4,0(a5)
     f80:	04c1                	addi	s1,s1,16
     f82:	00042023          	sw	zero,0(s0)
     f86:	0705                	addi	a4,a4,1
     f88:	c398                	sw	a4,0(a5)
     f8a:	45d000ef          	jal	ra,1be6 <xTaskResumeAll>
     f8e:	00f4f793          	andi	a5,s1,15
     f92:	cbd1                	beqz	a5,1026 <pvPortMalloc+0x182>
     f94:	6789                	lui	a5,0x2
     f96:	80078793          	addi	a5,a5,-2048 # 1800 <xTaskCreate+0x60>
     f9a:	30079073          	csrw	mstatus,a5
     f9e:	00004637          	lui	a2,0x4
     fa2:	00004537          	lui	a0,0x4
     fa6:	c7060613          	addi	a2,a2,-912 # 3c70 <_read+0xb2>
     faa:	11000593          	li	a1,272
     fae:	c9850513          	addi	a0,a0,-872 # 3c98 <_read+0xda>
     fb2:	201010ef          	jal	ra,29b2 <iprintf>
     fb6:	a001                	j	fb6 <pvPortMalloc+0x112>
     fb8:	87ba                	mv	a5,a4
     fba:	20000737          	lui	a4,0x20000
     fbe:	0d472903          	lw	s2,212(a4) # 200000d4 <xFreeBytesRemaining>
     fc2:	0d470993          	addi	s3,a4,212
     fc6:	f8f960e3          	bltu	s2,a5,f46 <pvPortMalloc+0xa2>
     fca:	20000737          	lui	a4,0x20000
     fce:	0e472403          	lw	s0,228(a4) # 200000e4 <xStart>
     fd2:	0e470713          	addi	a4,a4,228
     fd6:	4050                	lw	a2,4(s0)
     fd8:	00f67463          	bgeu	a2,a5,fe0 <pvPortMalloc+0x13c>
     fdc:	400c                	lw	a1,0(s0)
     fde:	f5b5                	bnez	a1,f4a <pvPortMalloc+0xa6>
     fe0:	4294                	lw	a3,0(a3)
     fe2:	f68682e3          	beq	a3,s0,f46 <pvPortMalloc+0xa2>
     fe6:	4014                	lw	a3,0(s0)
     fe8:	4304                	lw	s1,0(a4)
     fea:	c314                	sw	a3,0(a4)
     fec:	40f60733          	sub	a4,a2,a5
     ff0:	02000693          	li	a3,32
     ff4:	f6e6f1e3          	bgeu	a3,a4,f56 <pvPortMalloc+0xb2>
     ff8:	00f40533          	add	a0,s0,a5
     ffc:	00f57693          	andi	a3,a0,15
    1000:	daa1                	beqz	a3,f50 <pvPortMalloc+0xac>
    1002:	6789                	lui	a5,0x2
    1004:	80078793          	addi	a5,a5,-2048 # 1800 <xTaskCreate+0x60>
    1008:	30079073          	csrw	mstatus,a5
    100c:	00004637          	lui	a2,0x4
    1010:	00004537          	lui	a0,0x4
    1014:	c7060613          	addi	a2,a2,-912 # 3c70 <_read+0xb2>
    1018:	0cf00593          	li	a1,207
    101c:	c9850513          	addi	a0,a0,-872 # 3c98 <_read+0xda>
    1020:	193010ef          	jal	ra,29b2 <iprintf>
    1024:	a001                	j	1024 <pvPortMalloc+0x180>
    1026:	8526                	mv	a0,s1
    1028:	0141                	addi	sp,sp,16
    102a:	c0eff06f          	j	438 <__riscv_restore_4>

0000102e <vPortFree>:
    102e:	c155                	beqz	a0,10d2 <vPortFree+0xa4>
    1030:	beeff2ef          	jal	t0,41e <__riscv_save_0>
    1034:	200007b7          	lui	a5,0x20000
    1038:	ff452703          	lw	a4,-12(a0)
    103c:	0d07a783          	lw	a5,208(a5) # 200000d0 <xBlockAllocatedBit>
    1040:	842a                	mv	s0,a0
    1042:	00f776b3          	and	a3,a4,a5
    1046:	e29d                	bnez	a3,106c <vPortFree+0x3e>
    1048:	6789                	lui	a5,0x2
    104a:	80078793          	addi	a5,a5,-2048 # 1800 <xTaskCreate+0x60>
    104e:	30079073          	csrw	mstatus,a5
    1052:	00004637          	lui	a2,0x4
    1056:	00004537          	lui	a0,0x4
    105a:	c7060613          	addi	a2,a2,-912 # 3c70 <_read+0xb2>
    105e:	12400593          	li	a1,292
    1062:	c9850513          	addi	a0,a0,-872 # 3c98 <_read+0xda>
    1066:	14d010ef          	jal	ra,29b2 <iprintf>
    106a:	a001                	j	106a <vPortFree+0x3c>
    106c:	ff052683          	lw	a3,-16(a0)
    1070:	c29d                	beqz	a3,1096 <vPortFree+0x68>
    1072:	6789                	lui	a5,0x2
    1074:	80078793          	addi	a5,a5,-2048 # 1800 <xTaskCreate+0x60>
    1078:	30079073          	csrw	mstatus,a5
    107c:	00004637          	lui	a2,0x4
    1080:	00004537          	lui	a0,0x4
    1084:	c7060613          	addi	a2,a2,-912 # 3c70 <_read+0xb2>
    1088:	12500593          	li	a1,293
    108c:	c9850513          	addi	a0,a0,-872 # 3c98 <_read+0xda>
    1090:	123010ef          	jal	ra,29b2 <iprintf>
    1094:	a001                	j	1094 <vPortFree+0x66>
    1096:	fff7c793          	not	a5,a5
    109a:	8ff9                	and	a5,a5,a4
    109c:	fef52a23          	sw	a5,-12(a0)
    10a0:	183000ef          	jal	ra,1a22 <vTaskSuspendAll>
    10a4:	200007b7          	lui	a5,0x20000
    10a8:	0d478793          	addi	a5,a5,212 # 200000d4 <xFreeBytesRemaining>
    10ac:	4394                	lw	a3,0(a5)
    10ae:	ff442703          	lw	a4,-12(s0)
    10b2:	ff040513          	addi	a0,s0,-16
    10b6:	9736                	add	a4,a4,a3
    10b8:	c398                	sw	a4,0(a5)
    10ba:	3b79                	jal	e58 <prvInsertBlockIntoFreeList>
    10bc:	200007b7          	lui	a5,0x20000
    10c0:	0e078793          	addi	a5,a5,224 # 200000e0 <xNumberOfSuccessfulFrees>
    10c4:	4398                	lw	a4,0(a5)
    10c6:	0705                	addi	a4,a4,1
    10c8:	c398                	sw	a4,0(a5)
    10ca:	31d000ef          	jal	ra,1be6 <xTaskResumeAll>
    10ce:	b74ff06f          	j	442 <__riscv_restore_0>
    10d2:	8082                	ret

000010d4 <vPortSetupTimerInterrupt>:
    10d4:	e000e7b7          	lui	a5,0xe000e
    10d8:	5741                	li	a4,-16
    10da:	40e78723          	sb	a4,1038(a5) # e000e40e <__freertos_irq_stack_top+0xc000940e>
    10de:	40e78623          	sb	a4,1036(a5)
    10e2:	e000f7b7          	lui	a5,0xe000f
    10e6:	0007a023          	sw	zero,0(a5) # e000f000 <__freertos_irq_stack_top+0xc000a000>
    10ea:	0007a223          	sw	zero,4(a5)
    10ee:	4681                	li	a3,0
    10f0:	c794                	sw	a3,8(a5)
    10f2:	4701                	li	a4,0
    10f4:	c7d8                	sw	a4,12(a5)
    10f6:	20000737          	lui	a4,0x20000
    10fa:	09072583          	lw	a1,144(a4) # 20000090 <SystemCoreClock>
    10fe:	1f400713          	li	a4,500
    1102:	4681                	li	a3,0
    1104:	02e5d633          	divu	a2,a1,a4
    1108:	473d                	li	a4,15
    110a:	cb90                	sw	a2,16(a5)
    110c:	cbd4                	sw	a3,20(a5)
    110e:	c398                	sw	a4,0(a5)
    1110:	8082                	ret

00001112 <xPortStartScheduler>:
    1112:	b0cff2ef          	jal	t0,41e <__riscv_save_0>
    1116:	1141                	addi	sp,sp,-16
    1118:	c602                	sw	zero,12(sp)
    111a:	305027f3          	csrr	a5,mtvec
    111e:	c63e                	sw	a5,12(sp)
    1120:	47b2                	lw	a5,12(sp)
    1122:	470d                	li	a4,3
    1124:	8b8d                	andi	a5,a5,3
    1126:	02e78463          	beq	a5,a4,114e <xPortStartScheduler+0x3c>
    112a:	6789                	lui	a5,0x2
    112c:	80078793          	addi	a5,a5,-2048 # 1800 <xTaskCreate+0x60>
    1130:	30079073          	csrw	mstatus,a5
    1134:	00004637          	lui	a2,0x4
    1138:	00004537          	lui	a0,0x4
    113c:	cbc60613          	addi	a2,a2,-836 # 3cbc <_read+0xfe>
    1140:	0b600593          	li	a1,182
    1144:	c9850513          	addi	a0,a0,-872 # 3c98 <_read+0xda>
    1148:	06b010ef          	jal	ra,29b2 <iprintf>
    114c:	a001                	j	114c <xPortStartScheduler+0x3a>
    114e:	200057b7          	lui	a5,0x20005
    1152:	00078793          	mv	a5,a5
    1156:	8bbd                	andi	a5,a5,15
    1158:	c39d                	beqz	a5,117e <xPortStartScheduler+0x6c>
    115a:	6789                	lui	a5,0x2
    115c:	80078793          	addi	a5,a5,-2048 # 1800 <xTaskCreate+0x60>
    1160:	30079073          	csrw	mstatus,a5
    1164:	00004637          	lui	a2,0x4
    1168:	00004537          	lui	a0,0x4
    116c:	cbc60613          	addi	a2,a2,-836 # 3cbc <_read+0xfe>
    1170:	0bb00593          	li	a1,187
    1174:	c9850513          	addi	a0,a0,-872 # 3c98 <_read+0xda>
    1178:	03b010ef          	jal	ra,29b2 <iprintf>
    117c:	a001                	j	117c <xPortStartScheduler+0x6a>
    117e:	3f99                	jal	10d4 <vPortSetupTimerInterrupt>
    1180:	e000e7b7          	lui	a5,0xe000e
    1184:	6711                	lui	a4,0x4
    1186:	10e7a023          	sw	a4,256(a5) # e000e100 <__freertos_irq_stack_top+0xc0009100>
    118a:	6705                	lui	a4,0x1
    118c:	10e7a023          	sw	a4,256(a5)
    1190:	8001a423          	sw	zero,-2040(gp) # 20000098 <uxCriticalNesting>
    1194:	86cff0ef          	jal	ra,200 <xPortStartFirstTask>
    1198:	4501                	li	a0,0
    119a:	0141                	addi	sp,sp,16
    119c:	aa6ff06f          	j	442 <__riscv_restore_0>

000011a0 <SysTick_Handler>:
    11a0:	7139                	addi	sp,sp,-64
    11a2:	de06                	sw	ra,60(sp)
    11a4:	dc16                	sw	t0,56(sp)
    11a6:	da1a                	sw	t1,52(sp)
    11a8:	d81e                	sw	t2,48(sp)
    11aa:	d62a                	sw	a0,44(sp)
    11ac:	d42e                	sw	a1,40(sp)
    11ae:	d232                	sw	a2,36(sp)
    11b0:	d036                	sw	a3,32(sp)
    11b2:	ce3a                	sw	a4,28(sp)
    11b4:	cc3e                	sw	a5,24(sp)
    11b6:	ca42                	sw	a6,20(sp)
    11b8:	c846                	sw	a7,16(sp)
    11ba:	c672                	sw	t3,12(sp)
    11bc:	c476                	sw	t4,8(sp)
    11be:	c27a                	sw	t5,4(sp)
    11c0:	c07e                	sw	t6,0(sp)
    11c2:	34011173          	csrrw	sp,mscratch,sp
    11c6:	6789                	lui	a5,0x2
    11c8:	80078793          	addi	a5,a5,-2048 # 1800 <xTaskCreate+0x60>
    11cc:	30079073          	csrw	mstatus,a5
    11d0:	e000f7b7          	lui	a5,0xe000f
    11d4:	0007a223          	sw	zero,4(a5) # e000f004 <__freertos_irq_stack_top+0xc000a004>
    11d8:	065000ef          	jal	ra,1a3c <xTaskIncrementTick>
    11dc:	c511                	beqz	a0,11e8 <SysTick_Handler+0x48>
    11de:	e000e7b7          	lui	a5,0xe000e
    11e2:	6711                	lui	a4,0x4
    11e4:	20e7a023          	sw	a4,512(a5) # e000e200 <__freertos_irq_stack_top+0xc0009200>
    11e8:	6789                	lui	a5,0x2
    11ea:	88878793          	addi	a5,a5,-1912 # 1888 <xTaskCreate+0xe8>
    11ee:	30079073          	csrw	mstatus,a5
    11f2:	34011173          	csrrw	sp,mscratch,sp
    11f6:	50f2                	lw	ra,60(sp)
    11f8:	52e2                	lw	t0,56(sp)
    11fa:	5352                	lw	t1,52(sp)
    11fc:	53c2                	lw	t2,48(sp)
    11fe:	5532                	lw	a0,44(sp)
    1200:	55a2                	lw	a1,40(sp)
    1202:	5612                	lw	a2,36(sp)
    1204:	5682                	lw	a3,32(sp)
    1206:	4772                	lw	a4,28(sp)
    1208:	47e2                	lw	a5,24(sp)
    120a:	4852                	lw	a6,20(sp)
    120c:	48c2                	lw	a7,16(sp)
    120e:	4e32                	lw	t3,12(sp)
    1210:	4ea2                	lw	t4,8(sp)
    1212:	4f12                	lw	t5,4(sp)
    1214:	4f82                	lw	t6,0(sp)
    1216:	6121                	addi	sp,sp,64
    1218:	30200073          	mret

0000121c <vPortEnterCritical>:
    121c:	6789                	lui	a5,0x2
    121e:	80078793          	addi	a5,a5,-2048 # 1800 <xTaskCreate+0x60>
    1222:	30079073          	csrw	mstatus,a5
    1226:	80818793          	addi	a5,gp,-2040 # 20000098 <uxCriticalNesting>
    122a:	4398                	lw	a4,0(a5)
    122c:	0705                	addi	a4,a4,1
    122e:	c398                	sw	a4,0(a5)
    1230:	8082                	ret

00001232 <vPortExitCritical>:
    1232:	80818713          	addi	a4,gp,-2040 # 20000098 <uxCriticalNesting>
    1236:	431c                	lw	a5,0(a4)
    1238:	e78d                	bnez	a5,1262 <vPortExitCritical+0x30>
    123a:	9e4ff2ef          	jal	t0,41e <__riscv_save_0>
    123e:	6789                	lui	a5,0x2
    1240:	80078793          	addi	a5,a5,-2048 # 1800 <xTaskCreate+0x60>
    1244:	30079073          	csrw	mstatus,a5
    1248:	00004637          	lui	a2,0x4
    124c:	00004537          	lui	a0,0x4
    1250:	cbc60613          	addi	a2,a2,-836 # 3cbc <_read+0xfe>
    1254:	10300593          	li	a1,259
    1258:	c9850513          	addi	a0,a0,-872 # 3c98 <_read+0xda>
    125c:	756010ef          	jal	ra,29b2 <iprintf>
    1260:	a001                	j	1260 <vPortExitCritical+0x2e>
    1262:	17fd                	addi	a5,a5,-1
    1264:	c31c                	sw	a5,0(a4)
    1266:	e791                	bnez	a5,1272 <vPortExitCritical+0x40>
    1268:	6789                	lui	a5,0x2
    126a:	88878793          	addi	a5,a5,-1912 # 1888 <xTaskCreate+0xe8>
    126e:	30079073          	csrw	mstatus,a5
    1272:	8082                	ret

00001274 <vListInitialise>:
    1274:	00850793          	addi	a5,a0,8
    1278:	577d                	li	a4,-1
    127a:	c15c                	sw	a5,4(a0)
    127c:	c518                	sw	a4,8(a0)
    127e:	c55c                	sw	a5,12(a0)
    1280:	c91c                	sw	a5,16(a0)
    1282:	00052023          	sw	zero,0(a0)
    1286:	8082                	ret

00001288 <vListInitialiseItem>:
    1288:	00052823          	sw	zero,16(a0)
    128c:	8082                	ret

0000128e <vListInsert>:
    128e:	4198                	lw	a4,0(a1)
    1290:	56fd                	li	a3,-1
    1292:	00850793          	addi	a5,a0,8
    1296:	00d71e63          	bne	a4,a3,12b2 <vListInsert+0x24>
    129a:	491c                	lw	a5,16(a0)
    129c:	43d8                	lw	a4,4(a5)
    129e:	c1d8                	sw	a4,4(a1)
    12a0:	c70c                	sw	a1,8(a4)
    12a2:	c59c                	sw	a5,8(a1)
    12a4:	c3cc                	sw	a1,4(a5)
    12a6:	411c                	lw	a5,0(a0)
    12a8:	c988                	sw	a0,16(a1)
    12aa:	0785                	addi	a5,a5,1
    12ac:	c11c                	sw	a5,0(a0)
    12ae:	8082                	ret
    12b0:	87b6                	mv	a5,a3
    12b2:	43d4                	lw	a3,4(a5)
    12b4:	4290                	lw	a2,0(a3)
    12b6:	fec77de3          	bgeu	a4,a2,12b0 <vListInsert+0x22>
    12ba:	b7cd                	j	129c <vListInsert+0xe>

000012bc <uxListRemove>:
    12bc:	4154                	lw	a3,4(a0)
    12be:	4518                	lw	a4,8(a0)
    12c0:	491c                	lw	a5,16(a0)
    12c2:	c698                	sw	a4,8(a3)
    12c4:	c354                	sw	a3,4(a4)
    12c6:	43d4                	lw	a3,4(a5)
    12c8:	00a69363          	bne	a3,a0,12ce <uxListRemove+0x12>
    12cc:	c3d8                	sw	a4,4(a5)
    12ce:	4398                	lw	a4,0(a5)
    12d0:	00052823          	sw	zero,16(a0)
    12d4:	177d                	addi	a4,a4,-1
    12d6:	c398                	sw	a4,0(a5)
    12d8:	4388                	lw	a0,0(a5)
    12da:	8082                	ret

000012dc <prvIsQueueEmpty>:
    12dc:	942ff2ef          	jal	t0,41e <__riscv_save_0>
    12e0:	1141                	addi	sp,sp,-16
    12e2:	c62a                	sw	a0,12(sp)
    12e4:	3f25                	jal	121c <vPortEnterCritical>
    12e6:	4532                	lw	a0,12(sp)
    12e8:	5d00                	lw	s0,56(a0)
    12ea:	37a1                	jal	1232 <vPortExitCritical>
    12ec:	00143513          	seqz	a0,s0
    12f0:	0141                	addi	sp,sp,16
    12f2:	950ff06f          	j	442 <__riscv_restore_0>

000012f6 <prvCopyDataFromQueue>:
    12f6:	4130                	lw	a2,64(a0)
    12f8:	c215                	beqz	a2,131c <prvCopyDataFromQueue+0x26>
    12fa:	924ff2ef          	jal	t0,41e <__riscv_save_0>
    12fe:	4558                	lw	a4,12(a0)
    1300:	4514                	lw	a3,8(a0)
    1302:	87aa                	mv	a5,a0
    1304:	9732                	add	a4,a4,a2
    1306:	c558                	sw	a4,12(a0)
    1308:	00d76463          	bltu	a4,a3,1310 <prvCopyDataFromQueue+0x1a>
    130c:	4118                	lw	a4,0(a0)
    130e:	c558                	sw	a4,12(a0)
    1310:	852e                	mv	a0,a1
    1312:	47cc                	lw	a1,12(a5)
    1314:	5ec010ef          	jal	ra,2900 <memcpy>
    1318:	92aff06f          	j	442 <__riscv_restore_0>
    131c:	8082                	ret

0000131e <prvUnlockQueue>:
    131e:	900ff2ef          	jal	t0,41e <__riscv_save_0>
    1322:	842a                	mv	s0,a0
    1324:	3de5                	jal	121c <vPortEnterCritical>
    1326:	04544483          	lbu	s1,69(s0)
    132a:	02440913          	addi	s2,s0,36
    132e:	04e2                	slli	s1,s1,0x18
    1330:	84e1                	srai	s1,s1,0x18
    1332:	02904563          	bgtz	s1,135c <prvUnlockQueue+0x3e>
    1336:	57fd                	li	a5,-1
    1338:	04f402a3          	sb	a5,69(s0)
    133c:	3ddd                	jal	1232 <vPortExitCritical>
    133e:	3df9                	jal	121c <vPortEnterCritical>
    1340:	04444483          	lbu	s1,68(s0)
    1344:	01040913          	addi	s2,s0,16
    1348:	04e2                	slli	s1,s1,0x18
    134a:	84e1                	srai	s1,s1,0x18
    134c:	02904463          	bgtz	s1,1374 <prvUnlockQueue+0x56>
    1350:	57fd                	li	a5,-1
    1352:	04f40223          	sb	a5,68(s0)
    1356:	3df1                	jal	1232 <vPortExitCritical>
    1358:	8eaff06f          	j	442 <__riscv_restore_0>
    135c:	505c                	lw	a5,36(s0)
    135e:	dfe1                	beqz	a5,1336 <prvUnlockQueue+0x18>
    1360:	854a                	mv	a0,s2
    1362:	3a5000ef          	jal	ra,1f06 <xTaskRemoveFromEventList>
    1366:	c119                	beqz	a0,136c <prvUnlockQueue+0x4e>
    1368:	551000ef          	jal	ra,20b8 <vTaskMissedYield>
    136c:	14fd                	addi	s1,s1,-1
    136e:	04e2                	slli	s1,s1,0x18
    1370:	84e1                	srai	s1,s1,0x18
    1372:	b7c1                	j	1332 <prvUnlockQueue+0x14>
    1374:	481c                	lw	a5,16(s0)
    1376:	dfe9                	beqz	a5,1350 <prvUnlockQueue+0x32>
    1378:	854a                	mv	a0,s2
    137a:	38d000ef          	jal	ra,1f06 <xTaskRemoveFromEventList>
    137e:	c119                	beqz	a0,1384 <prvUnlockQueue+0x66>
    1380:	539000ef          	jal	ra,20b8 <vTaskMissedYield>
    1384:	14fd                	addi	s1,s1,-1
    1386:	04e2                	slli	s1,s1,0x18
    1388:	84e1                	srai	s1,s1,0x18
    138a:	b7c9                	j	134c <prvUnlockQueue+0x2e>

0000138c <xQueueGenericReset>:
    138c:	892ff2ef          	jal	t0,41e <__riscv_save_0>
    1390:	1141                	addi	sp,sp,-16
    1392:	e11d                	bnez	a0,13b8 <xQueueGenericReset+0x2c>
    1394:	6789                	lui	a5,0x2
    1396:	80078793          	addi	a5,a5,-2048 # 1800 <xTaskCreate+0x60>
    139a:	30079073          	csrw	mstatus,a5
    139e:	00004637          	lui	a2,0x4
    13a2:	00004537          	lui	a0,0x4
    13a6:	ce460613          	addi	a2,a2,-796 # 3ce4 <_read+0x126>
    13aa:	11000593          	li	a1,272
    13ae:	c9850513          	addi	a0,a0,-872 # 3c98 <_read+0xda>
    13b2:	600010ef          	jal	ra,29b2 <iprintf>
    13b6:	a001                	j	13b6 <xQueueGenericReset+0x2a>
    13b8:	5d5c                	lw	a5,60(a0)
    13ba:	c62e                	sw	a1,12(sp)
    13bc:	842a                	mv	s0,a0
    13be:	c3bd                	beqz	a5,1424 <xQueueGenericReset+0x98>
    13c0:	4138                	lw	a4,64(a0)
    13c2:	02e7b7b3          	mulhu	a5,a5,a4
    13c6:	efb9                	bnez	a5,1424 <xQueueGenericReset+0x98>
    13c8:	3d91                	jal	121c <vPortEnterCritical>
    13ca:	4030                	lw	a2,64(s0)
    13cc:	5c58                	lw	a4,60(s0)
    13ce:	4014                	lw	a3,0(s0)
    13d0:	02042c23          	sw	zero,56(s0)
    13d4:	02e607b3          	mul	a5,a2,a4
    13d8:	45b2                	lw	a1,12(sp)
    13da:	c054                	sw	a3,4(s0)
    13dc:	00f68733          	add	a4,a3,a5
    13e0:	8f91                	sub	a5,a5,a2
    13e2:	97b6                	add	a5,a5,a3
    13e4:	c45c                	sw	a5,12(s0)
    13e6:	57fd                	li	a5,-1
    13e8:	04f40223          	sb	a5,68(s0)
    13ec:	c418                	sw	a4,8(s0)
    13ee:	04f402a3          	sb	a5,69(s0)
    13f2:	e195                	bnez	a1,1416 <xQueueGenericReset+0x8a>
    13f4:	481c                	lw	a5,16(s0)
    13f6:	cb99                	beqz	a5,140c <xQueueGenericReset+0x80>
    13f8:	01040513          	addi	a0,s0,16
    13fc:	30b000ef          	jal	ra,1f06 <xTaskRemoveFromEventList>
    1400:	c511                	beqz	a0,140c <xQueueGenericReset+0x80>
    1402:	e000e7b7          	lui	a5,0xe000e
    1406:	6711                	lui	a4,0x4
    1408:	20e7a023          	sw	a4,512(a5) # e000e200 <__freertos_irq_stack_top+0xc0009200>
    140c:	351d                	jal	1232 <vPortExitCritical>
    140e:	4505                	li	a0,1
    1410:	0141                	addi	sp,sp,16
    1412:	830ff06f          	j	442 <__riscv_restore_0>
    1416:	01040513          	addi	a0,s0,16
    141a:	3da9                	jal	1274 <vListInitialise>
    141c:	02440513          	addi	a0,s0,36
    1420:	3d91                	jal	1274 <vListInitialise>
    1422:	b7ed                	j	140c <xQueueGenericReset+0x80>
    1424:	6789                	lui	a5,0x2
    1426:	80078793          	addi	a5,a5,-2048 # 1800 <xTaskCreate+0x60>
    142a:	30079073          	csrw	mstatus,a5
    142e:	00004637          	lui	a2,0x4
    1432:	00004537          	lui	a0,0x4
    1436:	ce460613          	addi	a2,a2,-796 # 3ce4 <_read+0x126>
    143a:	14500593          	li	a1,325
    143e:	c9850513          	addi	a0,a0,-872 # 3c98 <_read+0xda>
    1442:	570010ef          	jal	ra,29b2 <iprintf>
    1446:	a001                	j	1446 <xQueueGenericReset+0xba>

00001448 <xQueueGenericCreate>:
    1448:	fd7fe2ef          	jal	t0,41e <__riscv_save_0>
    144c:	1141                	addi	sp,sp,-16
    144e:	c121                	beqz	a0,148e <xQueueGenericCreate+0x46>
    1450:	02a5b7b3          	mulhu	a5,a1,a0
    1454:	84aa                	mv	s1,a0
    1456:	ef85                	bnez	a5,148e <xQueueGenericCreate+0x46>
    1458:	02b50533          	mul	a0,a0,a1
    145c:	fb700793          	li	a5,-73
    1460:	02a7e763          	bltu	a5,a0,148e <xQueueGenericCreate+0x46>
    1464:	04850513          	addi	a0,a0,72
    1468:	c62e                	sw	a1,12(sp)
    146a:	3c2d                	jal	ea4 <pvPortMalloc>
    146c:	842a                	mv	s0,a0
    146e:	cd01                	beqz	a0,1486 <xQueueGenericCreate+0x3e>
    1470:	45b2                	lw	a1,12(sp)
    1472:	87aa                	mv	a5,a0
    1474:	c199                	beqz	a1,147a <xQueueGenericCreate+0x32>
    1476:	04850793          	addi	a5,a0,72
    147a:	c02c                	sw	a1,64(s0)
    147c:	c01c                	sw	a5,0(s0)
    147e:	dc44                	sw	s1,60(s0)
    1480:	4585                	li	a1,1
    1482:	8522                	mv	a0,s0
    1484:	3721                	jal	138c <xQueueGenericReset>
    1486:	8522                	mv	a0,s0
    1488:	0141                	addi	sp,sp,16
    148a:	fb9fe06f          	j	442 <__riscv_restore_0>
    148e:	6789                	lui	a5,0x2
    1490:	80078793          	addi	a5,a5,-2048 # 1800 <xTaskCreate+0x60>
    1494:	30079073          	csrw	mstatus,a5
    1498:	00004637          	lui	a2,0x4
    149c:	00004537          	lui	a0,0x4
    14a0:	ce460613          	addi	a2,a2,-796 # 3ce4 <_read+0x126>
    14a4:	1c600593          	li	a1,454
    14a8:	c9850513          	addi	a0,a0,-872 # 3c98 <_read+0xda>
    14ac:	506010ef          	jal	ra,29b2 <iprintf>
    14b0:	a001                	j	14b0 <xQueueGenericCreate+0x68>

000014b2 <xQueueReceive>:
    14b2:	f45fe2ef          	jal	t0,3f6 <__riscv_save_10>
    14b6:	1101                	addi	sp,sp,-32
    14b8:	c632                	sw	a2,12(sp)
    14ba:	e11d                	bnez	a0,14e0 <xQueueReceive+0x2e>
    14bc:	6789                	lui	a5,0x2
    14be:	80078793          	addi	a5,a5,-2048 # 1800 <xTaskCreate+0x60>
    14c2:	30079073          	csrw	mstatus,a5
    14c6:	00004637          	lui	a2,0x4
    14ca:	00004537          	lui	a0,0x4
    14ce:	ce460613          	addi	a2,a2,-796 # 3ce4 <_read+0x126>
    14d2:	55100593          	li	a1,1361
    14d6:	c9850513          	addi	a0,a0,-872 # 3c98 <_read+0xda>
    14da:	4d8010ef          	jal	ra,29b2 <iprintf>
    14de:	a001                	j	14de <xQueueReceive+0x2c>
    14e0:	842a                	mv	s0,a0
    14e2:	89ae                	mv	s3,a1
    14e4:	e58d                	bnez	a1,150e <xQueueReceive+0x5c>
    14e6:	413c                	lw	a5,64(a0)
    14e8:	c39d                	beqz	a5,150e <xQueueReceive+0x5c>
    14ea:	6789                	lui	a5,0x2
    14ec:	80078793          	addi	a5,a5,-2048 # 1800 <xTaskCreate+0x60>
    14f0:	30079073          	csrw	mstatus,a5
    14f4:	00004637          	lui	a2,0x4
    14f8:	00004537          	lui	a0,0x4
    14fc:	ce460613          	addi	a2,a2,-796 # 3ce4 <_read+0x126>
    1500:	55500593          	li	a1,1365
    1504:	c9850513          	addi	a0,a0,-872 # 3c98 <_read+0xda>
    1508:	4aa010ef          	jal	ra,29b2 <iprintf>
    150c:	a001                	j	150c <xQueueReceive+0x5a>
    150e:	3b7000ef          	jal	ra,20c4 <xTaskGetSchedulerState>
    1512:	e515                	bnez	a0,153e <xQueueReceive+0x8c>
    1514:	47b2                	lw	a5,12(sp)
    1516:	4901                	li	s2,0
    1518:	c785                	beqz	a5,1540 <xQueueReceive+0x8e>
    151a:	6789                	lui	a5,0x2
    151c:	80078793          	addi	a5,a5,-2048 # 1800 <xTaskCreate+0x60>
    1520:	30079073          	csrw	mstatus,a5
    1524:	00004637          	lui	a2,0x4
    1528:	00004537          	lui	a0,0x4
    152c:	ce460613          	addi	a2,a2,-796 # 3ce4 <_read+0x126>
    1530:	55a00593          	li	a1,1370
    1534:	c9850513          	addi	a0,a0,-872 # 3c98 <_read+0xda>
    1538:	47a010ef          	jal	ra,29b2 <iprintf>
    153c:	a001                	j	153c <xQueueReceive+0x8a>
    153e:	4901                	li	s2,0
    1540:	5a7d                	li	s4,-1
    1542:	02440a93          	addi	s5,s0,36
    1546:	e000eb37          	lui	s6,0xe000e
    154a:	6b91                	lui	s7,0x4
    154c:	a095                	j	15b0 <xQueueReceive+0xfe>
    154e:	47b2                	lw	a5,12(sp)
    1550:	e781                	bnez	a5,1558 <xQueueReceive+0xa6>
    1552:	31c5                	jal	1232 <vPortExitCritical>
    1554:	4501                	li	a0,0
    1556:	a059                	j	15dc <xQueueReceive+0x12a>
    1558:	00091563          	bnez	s2,1562 <xQueueReceive+0xb0>
    155c:	0828                	addi	a0,sp,24
    155e:	295000ef          	jal	ra,1ff2 <vTaskInternalSetTimeOutState>
    1562:	39c1                	jal	1232 <vPortExitCritical>
    1564:	297d                	jal	1a22 <vTaskSuspendAll>
    1566:	395d                	jal	121c <vPortEnterCritical>
    1568:	04444783          	lbu	a5,68(s0)
    156c:	07e2                	slli	a5,a5,0x18
    156e:	87e1                	srai	a5,a5,0x18
    1570:	01479463          	bne	a5,s4,1578 <xQueueReceive+0xc6>
    1574:	04040223          	sb	zero,68(s0)
    1578:	04544783          	lbu	a5,69(s0)
    157c:	07e2                	slli	a5,a5,0x18
    157e:	87e1                	srai	a5,a5,0x18
    1580:	01479463          	bne	a5,s4,1588 <xQueueReceive+0xd6>
    1584:	040402a3          	sb	zero,69(s0)
    1588:	316d                	jal	1232 <vPortExitCritical>
    158a:	006c                	addi	a1,sp,12
    158c:	0828                	addi	a0,sp,24
    158e:	27b000ef          	jal	ra,2008 <xTaskCheckForTimeOut>
    1592:	ed21                	bnez	a0,15ea <xQueueReceive+0x138>
    1594:	8522                	mv	a0,s0
    1596:	3399                	jal	12dc <prvIsQueueEmpty>
    1598:	c529                	beqz	a0,15e2 <xQueueReceive+0x130>
    159a:	45b2                	lw	a1,12(sp)
    159c:	8556                	mv	a0,s5
    159e:	0ab000ef          	jal	ra,1e48 <vTaskPlaceOnEventList>
    15a2:	8522                	mv	a0,s0
    15a4:	3bad                	jal	131e <prvUnlockQueue>
    15a6:	2581                	jal	1be6 <xTaskResumeAll>
    15a8:	e119                	bnez	a0,15ae <xQueueReceive+0xfc>
    15aa:	217b2023          	sw	s7,512(s6) # e000e200 <__freertos_irq_stack_top+0xc0009200>
    15ae:	4905                	li	s2,1
    15b0:	31b5                	jal	121c <vPortEnterCritical>
    15b2:	5c04                	lw	s1,56(s0)
    15b4:	dcc9                	beqz	s1,154e <xQueueReceive+0x9c>
    15b6:	85ce                	mv	a1,s3
    15b8:	8522                	mv	a0,s0
    15ba:	14fd                	addi	s1,s1,-1
    15bc:	3b2d                	jal	12f6 <prvCopyDataFromQueue>
    15be:	dc04                	sw	s1,56(s0)
    15c0:	481c                	lw	a5,16(s0)
    15c2:	cb99                	beqz	a5,15d8 <xQueueReceive+0x126>
    15c4:	01040513          	addi	a0,s0,16
    15c8:	13f000ef          	jal	ra,1f06 <xTaskRemoveFromEventList>
    15cc:	c511                	beqz	a0,15d8 <xQueueReceive+0x126>
    15ce:	e000e7b7          	lui	a5,0xe000e
    15d2:	6711                	lui	a4,0x4
    15d4:	20e7a023          	sw	a4,512(a5) # e000e200 <__freertos_irq_stack_top+0xc0009200>
    15d8:	39a9                	jal	1232 <vPortExitCritical>
    15da:	4505                	li	a0,1
    15dc:	6105                	addi	sp,sp,32
    15de:	e51fe06f          	j	42e <__riscv_restore_10>
    15e2:	8522                	mv	a0,s0
    15e4:	3b2d                	jal	131e <prvUnlockQueue>
    15e6:	2501                	jal	1be6 <xTaskResumeAll>
    15e8:	b7d9                	j	15ae <xQueueReceive+0xfc>
    15ea:	8522                	mv	a0,s0
    15ec:	3b0d                	jal	131e <prvUnlockQueue>
    15ee:	2be5                	jal	1be6 <xTaskResumeAll>
    15f0:	8522                	mv	a0,s0
    15f2:	31ed                	jal	12dc <prvIsQueueEmpty>
    15f4:	dd4d                	beqz	a0,15ae <xQueueReceive+0xfc>
    15f6:	bfb9                	j	1554 <xQueueReceive+0xa2>

000015f8 <vQueueAddToRegistry>:
    15f8:	e515                	bnez	a0,1624 <vQueueAddToRegistry+0x2c>
    15fa:	e25fe2ef          	jal	t0,41e <__riscv_save_0>
    15fe:	6789                	lui	a5,0x2
    1600:	80078793          	addi	a5,a5,-2048 # 1800 <xTaskCreate+0x60>
    1604:	30079073          	csrw	mstatus,a5
    1608:	00004637          	lui	a2,0x4
    160c:	6585                	lui	a1,0x1
    160e:	00004537          	lui	a0,0x4
    1612:	ce460613          	addi	a2,a2,-796 # 3ce4 <_read+0x126>
    1616:	ac858593          	addi	a1,a1,-1336 # ac8 <ADC_RegularChannelConfig+0x1a>
    161a:	c9850513          	addi	a0,a0,-872 # 3c98 <_read+0xda>
    161e:	394010ef          	jal	ra,29b2 <iprintf>
    1622:	a001                	j	1622 <vQueueAddToRegistry+0x2a>
    1624:	cd9d                	beqz	a1,1662 <vQueueAddToRegistry+0x6a>
    1626:	20001637          	lui	a2,0x20001
    162a:	1b860693          	addi	a3,a2,440 # 200011b8 <xQueueRegistry>
    162e:	4781                	li	a5,0
    1630:	4701                	li	a4,0
    1632:	1b860613          	addi	a2,a2,440
    1636:	4821                	li	a6,8
    1638:	0046a883          	lw	a7,4(a3)
    163c:	00a89863          	bne	a7,a0,164c <vQueueAddToRegistry+0x54>
    1640:	00371793          	slli	a5,a4,0x3
    1644:	97b2                	add	a5,a5,a2
    1646:	c38c                	sw	a1,0(a5)
    1648:	c3c8                	sw	a0,4(a5)
    164a:	a821                	j	1662 <vQueueAddToRegistry+0x6a>
    164c:	e791                	bnez	a5,1658 <vQueueAddToRegistry+0x60>
    164e:	0006a883          	lw	a7,0(a3)
    1652:	00089363          	bnez	a7,1658 <vQueueAddToRegistry+0x60>
    1656:	87b6                	mv	a5,a3
    1658:	0705                	addi	a4,a4,1
    165a:	06a1                	addi	a3,a3,8
    165c:	fd071ee3          	bne	a4,a6,1638 <vQueueAddToRegistry+0x40>
    1660:	f3fd                	bnez	a5,1646 <vQueueAddToRegistry+0x4e>
    1662:	8082                	ret

00001664 <vQueueWaitForMessageRestricted>:
    1664:	dbbfe2ef          	jal	t0,41e <__riscv_save_0>
    1668:	1141                	addi	sp,sp,-16
    166a:	842a                	mv	s0,a0
    166c:	c62e                	sw	a1,12(sp)
    166e:	c432                	sw	a2,8(sp)
    1670:	3675                	jal	121c <vPortEnterCritical>
    1672:	04444783          	lbu	a5,68(s0)
    1676:	577d                	li	a4,-1
    1678:	4622                	lw	a2,8(sp)
    167a:	07e2                	slli	a5,a5,0x18
    167c:	87e1                	srai	a5,a5,0x18
    167e:	45b2                	lw	a1,12(sp)
    1680:	00e79463          	bne	a5,a4,1688 <vQueueWaitForMessageRestricted+0x24>
    1684:	04040223          	sb	zero,68(s0)
    1688:	04544783          	lbu	a5,69(s0)
    168c:	577d                	li	a4,-1
    168e:	07e2                	slli	a5,a5,0x18
    1690:	87e1                	srai	a5,a5,0x18
    1692:	00e79463          	bne	a5,a4,169a <vQueueWaitForMessageRestricted+0x36>
    1696:	040402a3          	sb	zero,69(s0)
    169a:	c632                	sw	a2,12(sp)
    169c:	c42e                	sw	a1,8(sp)
    169e:	3e51                	jal	1232 <vPortExitCritical>
    16a0:	5c1c                	lw	a5,56(s0)
    16a2:	45a2                	lw	a1,8(sp)
    16a4:	4632                	lw	a2,12(sp)
    16a6:	e789                	bnez	a5,16b0 <vQueueWaitForMessageRestricted+0x4c>
    16a8:	02440513          	addi	a0,s0,36
    16ac:	7e4000ef          	jal	ra,1e90 <vTaskPlaceOnEventListRestricted>
    16b0:	8522                	mv	a0,s0
    16b2:	31b5                	jal	131e <prvUnlockQueue>
    16b4:	0141                	addi	sp,sp,16
    16b6:	d8dfe06f          	j	442 <__riscv_restore_0>

000016ba <prvIdleTask>:
    16ba:	200016b7          	lui	a3,0x20001
    16be:	4605                	li	a2,1
    16c0:	e000e7b7          	lui	a5,0xe000e
    16c4:	6711                	lui	a4,0x4
    16c6:	1f868593          	addi	a1,a3,504 # 200011f8 <pxReadyTasksLists>
    16ca:	418c                	lw	a1,0(a1)
    16cc:	feb67de3          	bgeu	a2,a1,16c6 <prvIdleTask+0xc>
    16d0:	20e7a023          	sw	a4,512(a5) # e000e200 <__freertos_irq_stack_top+0xc0009200>
    16d4:	bfcd                	j	16c6 <prvIdleTask+0xc>

000016d6 <prvResetNextTaskUnblockTime>:
    16d6:	20000737          	lui	a4,0x20000
    16da:	0f070713          	addi	a4,a4,240 # 200000f0 <pxDelayedTaskList>
    16de:	431c                	lw	a5,0(a4)
    16e0:	4394                	lw	a3,0(a5)
    16e2:	200007b7          	lui	a5,0x20000
    16e6:	10c78793          	addi	a5,a5,268 # 2000010c <xNextTaskUnblockTime>
    16ea:	e681                	bnez	a3,16f2 <prvResetNextTaskUnblockTime+0x1c>
    16ec:	577d                	li	a4,-1
    16ee:	c398                	sw	a4,0(a5)
    16f0:	8082                	ret
    16f2:	4318                	lw	a4,0(a4)
    16f4:	4758                	lw	a4,12(a4)
    16f6:	4318                	lw	a4,0(a4)
    16f8:	bfdd                	j	16ee <prvResetNextTaskUnblockTime+0x18>

000016fa <prvAddCurrentTaskToDelayedList>:
    16fa:	d0bfe2ef          	jal	t0,404 <__riscv_save_4>
    16fe:	200004b7          	lui	s1,0x20000
    1702:	200007b7          	lui	a5,0x20000
    1706:	0ec48913          	addi	s2,s1,236 # 200000ec <pxCurrentTCB>
    170a:	11c7a983          	lw	s3,284(a5) # 2000011c <xTickCount>
    170e:	842a                	mv	s0,a0
    1710:	00092503          	lw	a0,0(s2)
    1714:	1141                	addi	sp,sp,-16
    1716:	c62e                	sw	a1,12(sp)
    1718:	0511                	addi	a0,a0,4
    171a:	364d                	jal	12bc <uxListRemove>
    171c:	577d                	li	a4,-1
    171e:	0ec48793          	addi	a5,s1,236
    1722:	45b2                	lw	a1,12(sp)
    1724:	04e41163          	bne	s0,a4,1766 <prvAddCurrentTaskToDelayedList+0x6c>
    1728:	cd9d                	beqz	a1,1766 <prvAddCurrentTaskToDelayedList+0x6c>
    172a:	200017b7          	lui	a5,0x20001
    172e:	2d478793          	addi	a5,a5,724 # 200012d4 <xSuspendedTaskList>
    1732:	00092683          	lw	a3,0(s2)
    1736:	43d8                	lw	a4,4(a5)
    1738:	c698                	sw	a4,8(a3)
    173a:	4710                	lw	a2,8(a4)
    173c:	00092683          	lw	a3,0(s2)
    1740:	c6d0                	sw	a2,12(a3)
    1742:	00092683          	lw	a3,0(s2)
    1746:	4710                	lw	a2,8(a4)
    1748:	0691                	addi	a3,a3,4
    174a:	c254                	sw	a3,4(a2)
    174c:	00092683          	lw	a3,0(s2)
    1750:	0691                	addi	a3,a3,4
    1752:	c714                	sw	a3,8(a4)
    1754:	00092703          	lw	a4,0(s2)
    1758:	cb5c                	sw	a5,20(a4)
    175a:	4398                	lw	a4,0(a5)
    175c:	0705                	addi	a4,a4,1
    175e:	c398                	sw	a4,0(a5)
    1760:	0141                	addi	sp,sp,16
    1762:	cd7fe06f          	j	438 <__riscv_restore_4>
    1766:	4398                	lw	a4,0(a5)
    1768:	944e                	add	s0,s0,s3
    176a:	c340                	sw	s0,4(a4)
    176c:	01347a63          	bgeu	s0,s3,1780 <prvAddCurrentTaskToDelayedList+0x86>
    1770:	20000737          	lui	a4,0x20000
    1774:	0f472503          	lw	a0,244(a4) # 200000f4 <pxOverflowDelayedTaskList>
    1778:	438c                	lw	a1,0(a5)
    177a:	0591                	addi	a1,a1,4
    177c:	3e09                	jal	128e <vListInsert>
    177e:	b7cd                	j	1760 <prvAddCurrentTaskToDelayedList+0x66>
    1780:	20000737          	lui	a4,0x20000
    1784:	0f072503          	lw	a0,240(a4) # 200000f0 <pxDelayedTaskList>
    1788:	438c                	lw	a1,0(a5)
    178a:	0591                	addi	a1,a1,4
    178c:	3609                	jal	128e <vListInsert>
    178e:	200007b7          	lui	a5,0x20000
    1792:	10c78793          	addi	a5,a5,268 # 2000010c <xNextTaskUnblockTime>
    1796:	4398                	lw	a4,0(a5)
    1798:	fce474e3          	bgeu	s0,a4,1760 <prvAddCurrentTaskToDelayedList+0x66>
    179c:	c380                	sw	s0,0(a5)
    179e:	b7c9                	j	1760 <prvAddCurrentTaskToDelayedList+0x66>

000017a0 <xTaskCreate>:
    17a0:	c57fe2ef          	jal	t0,3f6 <__riscv_save_10>
    17a4:	00261913          	slli	s2,a2,0x2
    17a8:	8aaa                	mv	s5,a0
    17aa:	854a                	mv	a0,s2
    17ac:	8a2e                	mv	s4,a1
    17ae:	8b36                	mv	s6,a3
    17b0:	8bba                	mv	s7,a4
    17b2:	89be                	mv	s3,a5
    17b4:	ef0ff0ef          	jal	ra,ea4 <pvPortMalloc>
    17b8:	c11d                	beqz	a0,17de <xTaskCreate+0x3e>
    17ba:	84aa                	mv	s1,a0
    17bc:	05400513          	li	a0,84
    17c0:	ee4ff0ef          	jal	ra,ea4 <pvPortMalloc>
    17c4:	842a                	mv	s0,a0
    17c6:	c909                	beqz	a0,17d8 <xTaskCreate+0x38>
    17c8:	d904                	sw	s1,48(a0)
    17ca:	4781                	li	a5,0
    17cc:	46c1                	li	a3,16
    17ce:	000a1a63          	bnez	s4,17e2 <xTaskCreate+0x42>
    17d2:	02050a23          	sb	zero,52(a0)
    17d6:	a025                	j	17fe <xTaskCreate+0x5e>
    17d8:	8526                	mv	a0,s1
    17da:	855ff0ef          	jal	ra,102e <vPortFree>
    17de:	557d                	li	a0,-1
    17e0:	aa59                	j	1976 <xTaskCreate+0x1d6>
    17e2:	00fa0733          	add	a4,s4,a5
    17e6:	00070703          	lb	a4,0(a4)
    17ea:	00f40633          	add	a2,s0,a5
    17ee:	02e60a23          	sb	a4,52(a2)
    17f2:	c701                	beqz	a4,17fa <xTaskCreate+0x5a>
    17f4:	0785                	addi	a5,a5,1
    17f6:	fed796e3          	bne	a5,a3,17e2 <xTaskCreate+0x42>
    17fa:	040401a3          	sb	zero,67(s0)
    17fe:	479d                	li	a5,7
    1800:	0377f463          	bgeu	a5,s7,1828 <xTaskCreate+0x88>
    1804:	6789                	lui	a5,0x2
    1806:	80078793          	addi	a5,a5,-2048 # 1800 <xTaskCreate+0x60>
    180a:	30079073          	csrw	mstatus,a5
    180e:	00004637          	lui	a2,0x4
    1812:	00004537          	lui	a0,0x4
    1816:	cf860613          	addi	a2,a2,-776 # 3cf8 <_read+0x13a>
    181a:	39700593          	li	a1,919
    181e:	c9850513          	addi	a0,a0,-872 # 3c98 <_read+0xda>
    1822:	190010ef          	jal	ra,29b2 <iprintf>
    1826:	a001                	j	1826 <xTaskCreate+0x86>
    1828:	00440a13          	addi	s4,s0,4
    182c:	8552                	mv	a0,s4
    182e:	03742623          	sw	s7,44(s0)
    1832:	05742223          	sw	s7,68(s0)
    1836:	04042423          	sw	zero,72(s0)
    183a:	a4fff0ef          	jal	ra,1288 <vListInitialiseItem>
    183e:	01840513          	addi	a0,s0,24
    1842:	a47ff0ef          	jal	ra,1288 <vListInitialiseItem>
    1846:	4721                	li	a4,8
    1848:	ffc90513          	addi	a0,s2,-4
    184c:	41770733          	sub	a4,a4,s7
    1850:	9526                	add	a0,a0,s1
    1852:	c800                	sw	s0,16(s0)
    1854:	cc18                	sw	a4,24(s0)
    1856:	d040                	sw	s0,36(s0)
    1858:	04040623          	sb	zero,76(s0)
    185c:	040406a3          	sb	zero,77(s0)
    1860:	04040723          	sb	zero,78(s0)
    1864:	040407a3          	sb	zero,79(s0)
    1868:	04040823          	sb	zero,80(s0)
    186c:	865a                	mv	a2,s6
    186e:	85d6                	mv	a1,s5
    1870:	9941                	andi	a0,a0,-16
    1872:	a8ffe0ef          	jal	ra,300 <pxPortInitialiseStack>
    1876:	c008                	sw	a0,0(s0)
    1878:	00098463          	beqz	s3,1880 <xTaskCreate+0xe0>
    187c:	0089a023          	sw	s0,0(s3)
    1880:	99dff0ef          	jal	ra,121c <vPortEnterCritical>
    1884:	200007b7          	lui	a5,0x20000
    1888:	0f878793          	addi	a5,a5,248 # 200000f8 <uxCurrentNumberOfTasks>
    188c:	4398                	lw	a4,0(a5)
    188e:	200004b7          	lui	s1,0x20000
    1892:	200019b7          	lui	s3,0x20001
    1896:	0705                	addi	a4,a4,1
    1898:	c398                	sw	a4,0(a5)
    189a:	0ec48713          	addi	a4,s1,236 # 200000ec <pxCurrentTCB>
    189e:	4318                	lw	a4,0(a4)
    18a0:	0ec48493          	addi	s1,s1,236
    18a4:	1f898913          	addi	s2,s3,504 # 200011f8 <pxReadyTasksLists>
    18a8:	eb69                	bnez	a4,197a <xTaskCreate+0x1da>
    18aa:	c080                	sw	s0,0(s1)
    18ac:	4398                	lw	a4,0(a5)
    18ae:	4785                	li	a5,1
    18b0:	06f71063          	bne	a4,a5,1910 <xTaskCreate+0x170>
    18b4:	1f898993          	addi	s3,s3,504
    18b8:	0a090a93          	addi	s5,s2,160
    18bc:	854e                	mv	a0,s3
    18be:	09d1                	addi	s3,s3,20
    18c0:	9b5ff0ef          	jal	ra,1274 <vListInitialise>
    18c4:	ff3a9ce3          	bne	s5,s3,18bc <xTaskCreate+0x11c>
    18c8:	20001537          	lui	a0,0x20001
    18cc:	29850a93          	addi	s5,a0,664 # 20001298 <xDelayedTaskList1>
    18d0:	29850513          	addi	a0,a0,664
    18d4:	9a1ff0ef          	jal	ra,1274 <vListInitialise>
    18d8:	20001537          	lui	a0,0x20001
    18dc:	2ac50993          	addi	s3,a0,684 # 200012ac <xDelayedTaskList2>
    18e0:	2ac50513          	addi	a0,a0,684
    18e4:	991ff0ef          	jal	ra,1274 <vListInitialise>
    18e8:	20001537          	lui	a0,0x20001
    18ec:	2c050513          	addi	a0,a0,704 # 200012c0 <xPendingReadyList>
    18f0:	985ff0ef          	jal	ra,1274 <vListInitialise>
    18f4:	20001537          	lui	a0,0x20001
    18f8:	2d450513          	addi	a0,a0,724 # 200012d4 <xSuspendedTaskList>
    18fc:	979ff0ef          	jal	ra,1274 <vListInitialise>
    1900:	200007b7          	lui	a5,0x20000
    1904:	0f57a823          	sw	s5,240(a5) # 200000f0 <pxDelayedTaskList>
    1908:	200007b7          	lui	a5,0x20000
    190c:	0f37aa23          	sw	s3,244(a5) # 200000f4 <pxOverflowDelayedTaskList>
    1910:	200007b7          	lui	a5,0x20000
    1914:	10078793          	addi	a5,a5,256 # 20000100 <uxTaskNumber>
    1918:	4398                	lw	a4,0(a5)
    191a:	0705                	addi	a4,a4,1
    191c:	c398                	sw	a4,0(a5)
    191e:	20000737          	lui	a4,0x20000
    1922:	10470713          	addi	a4,a4,260 # 20000104 <uxTopReadyPriority>
    1926:	545c                	lw	a5,44(s0)
    1928:	4314                	lw	a3,0(a4)
    192a:	00f6f363          	bgeu	a3,a5,1930 <xTaskCreate+0x190>
    192e:	c31c                	sw	a5,0(a4)
    1930:	4751                	li	a4,20
    1932:	02e787b3          	mul	a5,a5,a4
    1936:	97ca                	add	a5,a5,s2
    1938:	43d8                	lw	a4,4(a5)
    193a:	4714                	lw	a3,8(a4)
    193c:	c418                	sw	a4,8(s0)
    193e:	c454                	sw	a3,12(s0)
    1940:	4714                	lw	a3,8(a4)
    1942:	0146a223          	sw	s4,4(a3)
    1946:	01472423          	sw	s4,8(a4)
    194a:	4398                	lw	a4,0(a5)
    194c:	c85c                	sw	a5,20(s0)
    194e:	0705                	addi	a4,a4,1
    1950:	c398                	sw	a4,0(a5)
    1952:	8e1ff0ef          	jal	ra,1232 <vPortExitCritical>
    1956:	200007b7          	lui	a5,0x20000
    195a:	1187a783          	lw	a5,280(a5) # 20000118 <xSchedulerRunning>
    195e:	4505                	li	a0,1
    1960:	cb99                	beqz	a5,1976 <xTaskCreate+0x1d6>
    1962:	409c                	lw	a5,0(s1)
    1964:	57d8                	lw	a4,44(a5)
    1966:	545c                	lw	a5,44(s0)
    1968:	00f77763          	bgeu	a4,a5,1976 <xTaskCreate+0x1d6>
    196c:	e000e7b7          	lui	a5,0xe000e
    1970:	6711                	lui	a4,0x4
    1972:	20e7a023          	sw	a4,512(a5) # e000e200 <__freertos_irq_stack_top+0xc0009200>
    1976:	ab9fe06f          	j	42e <__riscv_restore_10>
    197a:	200007b7          	lui	a5,0x20000
    197e:	1187a783          	lw	a5,280(a5) # 20000118 <xSchedulerRunning>
    1982:	f7d9                	bnez	a5,1910 <xTaskCreate+0x170>
    1984:	409c                	lw	a5,0(s1)
    1986:	57d8                	lw	a4,44(a5)
    1988:	545c                	lw	a5,44(s0)
    198a:	f8e7e3e3          	bltu	a5,a4,1910 <xTaskCreate+0x170>
    198e:	c080                	sw	s0,0(s1)
    1990:	b741                	j	1910 <xTaskCreate+0x170>

00001992 <vTaskStartScheduler>:
    1992:	a8dfe2ef          	jal	t0,41e <__riscv_save_0>
    1996:	200007b7          	lui	a5,0x20000
    199a:	000045b7          	lui	a1,0x4
    199e:	00001537          	lui	a0,0x1
    19a2:	10878793          	addi	a5,a5,264 # 20000108 <xIdleTaskHandle>
    19a6:	4701                	li	a4,0
    19a8:	4681                	li	a3,0
    19aa:	08000613          	li	a2,128
    19ae:	d0c58593          	addi	a1,a1,-756 # 3d0c <_read+0x14e>
    19b2:	6ba50513          	addi	a0,a0,1722 # 16ba <prvIdleTask>
    19b6:	33ed                	jal	17a0 <xTaskCreate>
    19b8:	4405                	li	s0,1
    19ba:	02851e63          	bne	a0,s0,19f6 <vTaskStartScheduler+0x64>
    19be:	1e1000ef          	jal	ra,239e <xTimerCreateTimerTask>
    19c2:	02851a63          	bne	a0,s0,19f6 <vTaskStartScheduler+0x64>
    19c6:	6789                	lui	a5,0x2
    19c8:	80078793          	addi	a5,a5,-2048 # 1800 <xTaskCreate+0x60>
    19cc:	30079073          	csrw	mstatus,a5
    19d0:	200007b7          	lui	a5,0x20000
    19d4:	577d                	li	a4,-1
    19d6:	10e7a623          	sw	a4,268(a5) # 2000010c <xNextTaskUnblockTime>
    19da:	200007b7          	lui	a5,0x20000
    19de:	10a7ac23          	sw	a0,280(a5) # 20000118 <xSchedulerRunning>
    19e2:	200007b7          	lui	a5,0x20000
    19e6:	1007ae23          	sw	zero,284(a5) # 2000011c <xTickCount>
    19ea:	f28ff0ef          	jal	ra,1112 <xPortStartScheduler>
    19ee:	80c1a783          	lw	a5,-2036(gp) # 2000009c <uxTopUsedPriority>
    19f2:	a51fe06f          	j	442 <__riscv_restore_0>
    19f6:	57fd                	li	a5,-1
    19f8:	fef51be3          	bne	a0,a5,19ee <vTaskStartScheduler+0x5c>
    19fc:	6789                	lui	a5,0x2
    19fe:	80078793          	addi	a5,a5,-2048 # 1800 <xTaskCreate+0x60>
    1a02:	30079073          	csrw	mstatus,a5
    1a06:	00004637          	lui	a2,0x4
    1a0a:	6585                	lui	a1,0x1
    1a0c:	00004537          	lui	a0,0x4
    1a10:	cf860613          	addi	a2,a2,-776 # 3cf8 <_read+0x13a>
    1a14:	84058593          	addi	a1,a1,-1984 # 840 <SystemInit+0x8>
    1a18:	c9850513          	addi	a0,a0,-872 # 3c98 <_read+0xda>
    1a1c:	797000ef          	jal	ra,29b2 <iprintf>
    1a20:	a001                	j	1a20 <vTaskStartScheduler+0x8e>

00001a22 <vTaskSuspendAll>:
    1a22:	200007b7          	lui	a5,0x20000
    1a26:	0fc78793          	addi	a5,a5,252 # 200000fc <uxSchedulerSuspended>
    1a2a:	4398                	lw	a4,0(a5)
    1a2c:	0705                	addi	a4,a4,1
    1a2e:	c398                	sw	a4,0(a5)
    1a30:	8082                	ret

00001a32 <xTaskGetTickCount>:
    1a32:	200007b7          	lui	a5,0x20000
    1a36:	11c7a503          	lw	a0,284(a5) # 2000011c <xTickCount>
    1a3a:	8082                	ret

00001a3c <xTaskIncrementTick>:
    1a3c:	200007b7          	lui	a5,0x20000
    1a40:	0fc7a783          	lw	a5,252(a5) # 200000fc <uxSchedulerSuspended>
    1a44:	18079863          	bnez	a5,1bd4 <xTaskIncrementTick+0x198>
    1a48:	9d7fe2ef          	jal	t0,41e <__riscv_save_0>
    1a4c:	200007b7          	lui	a5,0x20000
    1a50:	11c78793          	addi	a5,a5,284 # 2000011c <xTickCount>
    1a54:	4380                	lw	s0,0(a5)
    1a56:	0405                	addi	s0,s0,1
    1a58:	c380                	sw	s0,0(a5)
    1a5a:	e839                	bnez	s0,1ab0 <xTaskIncrementTick+0x74>
    1a5c:	200007b7          	lui	a5,0x20000
    1a60:	0f078793          	addi	a5,a5,240 # 200000f0 <pxDelayedTaskList>
    1a64:	4398                	lw	a4,0(a5)
    1a66:	4318                	lw	a4,0(a4)
    1a68:	c705                	beqz	a4,1a90 <xTaskIncrementTick+0x54>
    1a6a:	6789                	lui	a5,0x2
    1a6c:	80078793          	addi	a5,a5,-2048 # 1800 <xTaskCreate+0x60>
    1a70:	30079073          	csrw	mstatus,a5
    1a74:	00004637          	lui	a2,0x4
    1a78:	6585                	lui	a1,0x1
    1a7a:	00004537          	lui	a0,0x4
    1a7e:	cf860613          	addi	a2,a2,-776 # 3cf8 <_read+0x13a>
    1a82:	ac758593          	addi	a1,a1,-1337 # ac7 <ADC_RegularChannelConfig+0x19>
    1a86:	c9850513          	addi	a0,a0,-872 # 3c98 <_read+0xda>
    1a8a:	729000ef          	jal	ra,29b2 <iprintf>
    1a8e:	a001                	j	1a8e <xTaskIncrementTick+0x52>
    1a90:	20000737          	lui	a4,0x20000
    1a94:	0f470713          	addi	a4,a4,244 # 200000f4 <pxOverflowDelayedTaskList>
    1a98:	4394                	lw	a3,0(a5)
    1a9a:	4310                	lw	a2,0(a4)
    1a9c:	c390                	sw	a2,0(a5)
    1a9e:	200007b7          	lui	a5,0x20000
    1aa2:	c314                	sw	a3,0(a4)
    1aa4:	11078793          	addi	a5,a5,272 # 20000110 <xNumOfOverflows>
    1aa8:	4398                	lw	a4,0(a5)
    1aaa:	0705                	addi	a4,a4,1
    1aac:	c398                	sw	a4,0(a5)
    1aae:	3125                	jal	16d6 <prvResetNextTaskUnblockTime>
    1ab0:	20000637          	lui	a2,0x20000
    1ab4:	10c60793          	addi	a5,a2,268 # 2000010c <xNextTaskUnblockTime>
    1ab8:	439c                	lw	a5,0(a5)
    1aba:	20001737          	lui	a4,0x20001
    1abe:	200005b7          	lui	a1,0x20000
    1ac2:	10c60613          	addi	a2,a2,268
    1ac6:	1f870713          	addi	a4,a4,504 # 200011f8 <pxReadyTasksLists>
    1aca:	0ec58593          	addi	a1,a1,236 # 200000ec <pxCurrentTCB>
    1ace:	4501                	li	a0,0
    1ad0:	02f47563          	bgeu	s0,a5,1afa <xTaskIncrementTick+0xbe>
    1ad4:	419c                	lw	a5,0(a1)
    1ad6:	46d1                	li	a3,20
    1ad8:	57dc                	lw	a5,44(a5)
    1ada:	02d787b3          	mul	a5,a5,a3
    1ade:	973e                	add	a4,a4,a5
    1ae0:	4318                	lw	a4,0(a4)
    1ae2:	4785                	li	a5,1
    1ae4:	00e7f363          	bgeu	a5,a4,1aea <xTaskIncrementTick+0xae>
    1ae8:	4505                	li	a0,1
    1aea:	200007b7          	lui	a5,0x20000
    1aee:	1207a783          	lw	a5,288(a5) # 20000120 <xYieldPending>
    1af2:	c391                	beqz	a5,1af6 <xTaskIncrementTick+0xba>
    1af4:	4505                	li	a0,1
    1af6:	94dfe06f          	j	442 <__riscv_restore_0>
    1afa:	20000e37          	lui	t3,0x20000
    1afe:	20000eb7          	lui	t4,0x20000
    1b02:	4f51                	li	t5,20
    1b04:	0f0e0793          	addi	a5,t3,240 # 200000f0 <pxDelayedTaskList>
    1b08:	4394                	lw	a3,0(a5)
    1b0a:	4294                	lw	a3,0(a3)
    1b0c:	e681                	bnez	a3,1b14 <xTaskIncrementTick+0xd8>
    1b0e:	57fd                	li	a5,-1
    1b10:	c21c                	sw	a5,0(a2)
    1b12:	b7c9                	j	1ad4 <xTaskIncrementTick+0x98>
    1b14:	439c                	lw	a5,0(a5)
    1b16:	47dc                	lw	a5,12(a5)
    1b18:	47dc                	lw	a5,12(a5)
    1b1a:	43d4                	lw	a3,4(a5)
    1b1c:	00d47463          	bgeu	s0,a3,1b24 <xTaskIncrementTick+0xe8>
    1b20:	c214                	sw	a3,0(a2)
    1b22:	bf4d                	j	1ad4 <xTaskIncrementTick+0x98>
    1b24:	0087a883          	lw	a7,8(a5)
    1b28:	00c7a803          	lw	a6,12(a5)
    1b2c:	4bd4                	lw	a3,20(a5)
    1b2e:	00478313          	addi	t1,a5,4
    1b32:	0108a423          	sw	a6,8(a7)
    1b36:	01182223          	sw	a7,4(a6)
    1b3a:	0046a883          	lw	a7,4(a3)
    1b3e:	00689463          	bne	a7,t1,1b46 <xTaskIncrementTick+0x10a>
    1b42:	0106a223          	sw	a6,4(a3)
    1b46:	0006a803          	lw	a6,0(a3)
    1b4a:	0007aa23          	sw	zero,20(a5)
    1b4e:	187d                	addi	a6,a6,-1
    1b50:	0106a023          	sw	a6,0(a3)
    1b54:	5794                	lw	a3,40(a5)
    1b56:	ca95                	beqz	a3,1b8a <xTaskIncrementTick+0x14e>
    1b58:	01c7a803          	lw	a6,28(a5)
    1b5c:	0207a883          	lw	a7,32(a5)
    1b60:	0046af83          	lw	t6,4(a3)
    1b64:	01182423          	sw	a7,8(a6)
    1b68:	0207a883          	lw	a7,32(a5)
    1b6c:	0108a223          	sw	a6,4(a7)
    1b70:	01878813          	addi	a6,a5,24
    1b74:	010f9463          	bne	t6,a6,1b7c <xTaskIncrementTick+0x140>
    1b78:	0116a223          	sw	a7,4(a3)
    1b7c:	0006a803          	lw	a6,0(a3)
    1b80:	0207a423          	sw	zero,40(a5)
    1b84:	187d                	addi	a6,a6,-1
    1b86:	0106a023          	sw	a6,0(a3)
    1b8a:	104e8693          	addi	a3,t4,260 # 20000104 <uxTopReadyPriority>
    1b8e:	02c7a803          	lw	a6,44(a5)
    1b92:	0006a883          	lw	a7,0(a3)
    1b96:	0108f463          	bgeu	a7,a6,1b9e <xTaskIncrementTick+0x162>
    1b9a:	0106a023          	sw	a6,0(a3)
    1b9e:	03e806b3          	mul	a3,a6,t5
    1ba2:	96ba                	add	a3,a3,a4
    1ba4:	0046a883          	lw	a7,4(a3)
    1ba8:	0088af83          	lw	t6,8(a7)
    1bac:	0117a423          	sw	a7,8(a5)
    1bb0:	01f7a623          	sw	t6,12(a5)
    1bb4:	0088af83          	lw	t6,8(a7)
    1bb8:	006fa223          	sw	t1,4(t6)
    1bbc:	0068a423          	sw	t1,8(a7)
    1bc0:	cbd4                	sw	a3,20(a5)
    1bc2:	429c                	lw	a5,0(a3)
    1bc4:	0785                	addi	a5,a5,1
    1bc6:	c29c                	sw	a5,0(a3)
    1bc8:	419c                	lw	a5,0(a1)
    1bca:	57dc                	lw	a5,44(a5)
    1bcc:	f2f86ce3          	bltu	a6,a5,1b04 <xTaskIncrementTick+0xc8>
    1bd0:	4505                	li	a0,1
    1bd2:	bf0d                	j	1b04 <xTaskIncrementTick+0xc8>
    1bd4:	200007b7          	lui	a5,0x20000
    1bd8:	11478793          	addi	a5,a5,276 # 20000114 <xPendedTicks>
    1bdc:	4398                	lw	a4,0(a5)
    1bde:	4501                	li	a0,0
    1be0:	0705                	addi	a4,a4,1
    1be2:	c398                	sw	a4,0(a5)
    1be4:	8082                	ret

00001be6 <xTaskResumeAll>:
    1be6:	81ffe2ef          	jal	t0,404 <__riscv_save_4>
    1bea:	20000437          	lui	s0,0x20000
    1bee:	0fc40413          	addi	s0,s0,252 # 200000fc <uxSchedulerSuspended>
    1bf2:	401c                	lw	a5,0(s0)
    1bf4:	1141                	addi	sp,sp,-16
    1bf6:	e785                	bnez	a5,1c1e <xTaskResumeAll+0x38>
    1bf8:	6789                	lui	a5,0x2
    1bfa:	80078793          	addi	a5,a5,-2048 # 1800 <xTaskCreate+0x60>
    1bfe:	30079073          	csrw	mstatus,a5
    1c02:	00004637          	lui	a2,0x4
    1c06:	6585                	lui	a1,0x1
    1c08:	00004537          	lui	a0,0x4
    1c0c:	cf860613          	addi	a2,a2,-776 # 3cf8 <_read+0x13a>
    1c10:	8b358593          	addi	a1,a1,-1869 # 8b3 <SystemInit+0x7b>
    1c14:	c9850513          	addi	a0,a0,-872 # 3c98 <_read+0xda>
    1c18:	59b000ef          	jal	ra,29b2 <iprintf>
    1c1c:	a001                	j	1c1c <xTaskResumeAll+0x36>
    1c1e:	dfeff0ef          	jal	ra,121c <vPortEnterCritical>
    1c22:	401c                	lw	a5,0(s0)
    1c24:	17fd                	addi	a5,a5,-1
    1c26:	c01c                	sw	a5,0(s0)
    1c28:	401c                	lw	a5,0(s0)
    1c2a:	cb89                	beqz	a5,1c3c <xTaskResumeAll+0x56>
    1c2c:	4501                	li	a0,0
    1c2e:	c62a                	sw	a0,12(sp)
    1c30:	e02ff0ef          	jal	ra,1232 <vPortExitCritical>
    1c34:	4532                	lw	a0,12(sp)
    1c36:	0141                	addi	sp,sp,16
    1c38:	801fe06f          	j	438 <__riscv_restore_4>
    1c3c:	200007b7          	lui	a5,0x20000
    1c40:	0f87a783          	lw	a5,248(a5) # 200000f8 <uxCurrentNumberOfTasks>
    1c44:	d7e5                	beqz	a5,1c2c <xTaskResumeAll+0x46>
    1c46:	200016b7          	lui	a3,0x20001
    1c4a:	20001537          	lui	a0,0x20001
    1c4e:	4781                	li	a5,0
    1c50:	2c068693          	addi	a3,a3,704 # 200012c0 <xPendingReadyList>
    1c54:	20000f37          	lui	t5,0x20000
    1c58:	1f850513          	addi	a0,a0,504 # 200011f8 <pxReadyTasksLists>
    1c5c:	48d1                	li	a7,20
    1c5e:	20000337          	lui	t1,0x20000
    1c62:	20000e37          	lui	t3,0x20000
    1c66:	4e85                	li	t4,1
    1c68:	a859                	j	1cfe <xTaskResumeAll+0x118>
    1c6a:	46dc                	lw	a5,12(a3)
    1c6c:	47dc                	lw	a5,12(a5)
    1c6e:	4fcc                	lw	a1,28(a5)
    1c70:	5390                	lw	a2,32(a5)
    1c72:	5798                	lw	a4,40(a5)
    1c74:	c590                	sw	a2,8(a1)
    1c76:	0207a803          	lw	a6,32(a5)
    1c7a:	00b82223          	sw	a1,4(a6)
    1c7e:	00472803          	lw	a6,4(a4)
    1c82:	01878593          	addi	a1,a5,24
    1c86:	00b81363          	bne	a6,a1,1c8c <xTaskResumeAll+0xa6>
    1c8a:	c350                	sw	a2,4(a4)
    1c8c:	4310                	lw	a2,0(a4)
    1c8e:	0207a423          	sw	zero,40(a5)
    1c92:	167d                	addi	a2,a2,-1
    1c94:	c310                	sw	a2,0(a4)
    1c96:	478c                	lw	a1,8(a5)
    1c98:	47d0                	lw	a2,12(a5)
    1c9a:	4bd8                	lw	a4,20(a5)
    1c9c:	00478813          	addi	a6,a5,4
    1ca0:	c590                	sw	a2,8(a1)
    1ca2:	c24c                	sw	a1,4(a2)
    1ca4:	434c                	lw	a1,4(a4)
    1ca6:	01059363          	bne	a1,a6,1cac <xTaskResumeAll+0xc6>
    1caa:	c350                	sw	a2,4(a4)
    1cac:	4310                	lw	a2,0(a4)
    1cae:	0007aa23          	sw	zero,20(a5)
    1cb2:	167d                	addi	a2,a2,-1
    1cb4:	c310                	sw	a2,0(a4)
    1cb6:	104f0713          	addi	a4,t5,260 # 20000104 <uxTopReadyPriority>
    1cba:	57d0                	lw	a2,44(a5)
    1cbc:	430c                	lw	a1,0(a4)
    1cbe:	00c5f363          	bgeu	a1,a2,1cc4 <xTaskResumeAll+0xde>
    1cc2:	c310                	sw	a2,0(a4)
    1cc4:	03160733          	mul	a4,a2,a7
    1cc8:	972a                	add	a4,a4,a0
    1cca:	434c                	lw	a1,4(a4)
    1ccc:	0085af83          	lw	t6,8(a1)
    1cd0:	c78c                	sw	a1,8(a5)
    1cd2:	01f7a623          	sw	t6,12(a5)
    1cd6:	0085af83          	lw	t6,8(a1)
    1cda:	010fa223          	sw	a6,4(t6)
    1cde:	0105a423          	sw	a6,8(a1)
    1ce2:	430c                	lw	a1,0(a4)
    1ce4:	cbd8                	sw	a4,20(a5)
    1ce6:	0585                	addi	a1,a1,1
    1ce8:	c30c                	sw	a1,0(a4)
    1cea:	0ec30713          	addi	a4,t1,236 # 200000ec <pxCurrentTCB>
    1cee:	4318                	lw	a4,0(a4)
    1cf0:	5758                	lw	a4,44(a4)
    1cf2:	00e66663          	bltu	a2,a4,1cfe <xTaskResumeAll+0x118>
    1cf6:	120e0713          	addi	a4,t3,288 # 20000120 <xYieldPending>
    1cfa:	01d72023          	sw	t4,0(a4)
    1cfe:	4298                	lw	a4,0(a3)
    1d00:	f72d                	bnez	a4,1c6a <xTaskResumeAll+0x84>
    1d02:	c399                	beqz	a5,1d08 <xTaskResumeAll+0x122>
    1d04:	9d3ff0ef          	jal	ra,16d6 <prvResetNextTaskUnblockTime>
    1d08:	200007b7          	lui	a5,0x20000
    1d0c:	11478713          	addi	a4,a5,276 # 20000114 <xPendedTicks>
    1d10:	4304                	lw	s1,0(a4)
    1d12:	11478413          	addi	s0,a5,276
    1d16:	cc91                	beqz	s1,1d32 <xTaskResumeAll+0x14c>
    1d18:	20000937          	lui	s2,0x20000
    1d1c:	4985                	li	s3,1
    1d1e:	3b39                	jal	1a3c <xTaskIncrementTick>
    1d20:	c509                	beqz	a0,1d2a <xTaskResumeAll+0x144>
    1d22:	12090793          	addi	a5,s2,288 # 20000120 <xYieldPending>
    1d26:	0137a023          	sw	s3,0(a5)
    1d2a:	14fd                	addi	s1,s1,-1
    1d2c:	f8ed                	bnez	s1,1d1e <xTaskResumeAll+0x138>
    1d2e:	00042023          	sw	zero,0(s0)
    1d32:	200007b7          	lui	a5,0x20000
    1d36:	1207a783          	lw	a5,288(a5) # 20000120 <xYieldPending>
    1d3a:	ee0789e3          	beqz	a5,1c2c <xTaskResumeAll+0x46>
    1d3e:	e000e7b7          	lui	a5,0xe000e
    1d42:	6711                	lui	a4,0x4
    1d44:	20e7a023          	sw	a4,512(a5) # e000e200 <__freertos_irq_stack_top+0xc0009200>
    1d48:	4505                	li	a0,1
    1d4a:	b5d5                	j	1c2e <xTaskResumeAll+0x48>

00001d4c <vTaskDelay>:
    1d4c:	e519                	bnez	a0,1d5a <vTaskDelay+0xe>
    1d4e:	e000e7b7          	lui	a5,0xe000e
    1d52:	6711                	lui	a4,0x4
    1d54:	20e7a023          	sw	a4,512(a5) # e000e200 <__freertos_irq_stack_top+0xc0009200>
    1d58:	8082                	ret
    1d5a:	ec4fe2ef          	jal	t0,41e <__riscv_save_0>
    1d5e:	200007b7          	lui	a5,0x20000
    1d62:	0fc7a783          	lw	a5,252(a5) # 200000fc <uxSchedulerSuspended>
    1d66:	1141                	addi	sp,sp,-16
    1d68:	c39d                	beqz	a5,1d8e <vTaskDelay+0x42>
    1d6a:	6789                	lui	a5,0x2
    1d6c:	80078793          	addi	a5,a5,-2048 # 1800 <xTaskCreate+0x60>
    1d70:	30079073          	csrw	mstatus,a5
    1d74:	00004637          	lui	a2,0x4
    1d78:	00004537          	lui	a0,0x4
    1d7c:	cf860613          	addi	a2,a2,-776 # 3cf8 <_read+0x13a>
    1d80:	54900593          	li	a1,1353
    1d84:	c9850513          	addi	a0,a0,-872 # 3c98 <_read+0xda>
    1d88:	42b000ef          	jal	ra,29b2 <iprintf>
    1d8c:	a001                	j	1d8c <vTaskDelay+0x40>
    1d8e:	c62a                	sw	a0,12(sp)
    1d90:	3949                	jal	1a22 <vTaskSuspendAll>
    1d92:	4532                	lw	a0,12(sp)
    1d94:	4581                	li	a1,0
    1d96:	965ff0ef          	jal	ra,16fa <prvAddCurrentTaskToDelayedList>
    1d9a:	35b1                	jal	1be6 <xTaskResumeAll>
    1d9c:	e511                	bnez	a0,1da8 <vTaskDelay+0x5c>
    1d9e:	e000e7b7          	lui	a5,0xe000e
    1da2:	6711                	lui	a4,0x4
    1da4:	20e7a023          	sw	a4,512(a5) # e000e200 <__freertos_irq_stack_top+0xc0009200>
    1da8:	0141                	addi	sp,sp,16
    1daa:	e98fe06f          	j	442 <__riscv_restore_0>

00001dae <vTaskSwitchContext>:
    1dae:	200007b7          	lui	a5,0x20000
    1db2:	0fc7a703          	lw	a4,252(a5) # 200000fc <uxSchedulerSuspended>
    1db6:	200007b7          	lui	a5,0x20000
    1dba:	12078793          	addi	a5,a5,288 # 20000120 <xYieldPending>
    1dbe:	c701                	beqz	a4,1dc6 <vTaskSwitchContext+0x18>
    1dc0:	4705                	li	a4,1
    1dc2:	c398                	sw	a4,0(a5)
    1dc4:	8082                	ret
    1dc6:	0007a023          	sw	zero,0(a5)
    1dca:	200007b7          	lui	a5,0x20000
    1dce:	10478713          	addi	a4,a5,260 # 20000104 <uxTopReadyPriority>
    1dd2:	4318                	lw	a4,0(a4)
    1dd4:	10478613          	addi	a2,a5,260
    1dd8:	200017b7          	lui	a5,0x20001
    1ddc:	1f878793          	addi	a5,a5,504 # 200011f8 <pxReadyTasksLists>
    1de0:	4851                	li	a6,20
    1de2:	030706b3          	mul	a3,a4,a6
    1de6:	00d785b3          	add	a1,a5,a3
    1dea:	4188                	lw	a0,0(a1)
    1dec:	c515                	beqz	a0,1e18 <vTaskSwitchContext+0x6a>
    1dee:	41c8                	lw	a0,4(a1)
    1df0:	06a1                	addi	a3,a3,8
    1df2:	96be                	add	a3,a3,a5
    1df4:	4148                	lw	a0,4(a0)
    1df6:	c1c8                	sw	a0,4(a1)
    1df8:	00d51463          	bne	a0,a3,1e00 <vTaskSwitchContext+0x52>
    1dfc:	4154                	lw	a3,4(a0)
    1dfe:	c1d4                	sw	a3,4(a1)
    1e00:	46d1                	li	a3,20
    1e02:	02d706b3          	mul	a3,a4,a3
    1e06:	97b6                	add	a5,a5,a3
    1e08:	43dc                	lw	a5,4(a5)
    1e0a:	47d4                	lw	a3,12(a5)
    1e0c:	200007b7          	lui	a5,0x20000
    1e10:	0ed7a623          	sw	a3,236(a5) # 200000ec <pxCurrentTCB>
    1e14:	c218                	sw	a4,0(a2)
    1e16:	8082                	ret
    1e18:	e715                	bnez	a4,1e44 <vTaskSwitchContext+0x96>
    1e1a:	e04fe2ef          	jal	t0,41e <__riscv_save_0>
    1e1e:	6789                	lui	a5,0x2
    1e20:	80078793          	addi	a5,a5,-2048 # 1800 <xTaskCreate+0x60>
    1e24:	30079073          	csrw	mstatus,a5
    1e28:	00004637          	lui	a2,0x4
    1e2c:	6585                	lui	a1,0x1
    1e2e:	00004537          	lui	a0,0x4
    1e32:	cf860613          	addi	a2,a2,-776 # 3cf8 <_read+0x13a>
    1e36:	c0258593          	addi	a1,a1,-1022 # c02 <GPIO_Init+0x88>
    1e3a:	c9850513          	addi	a0,a0,-872 # 3c98 <_read+0xda>
    1e3e:	375000ef          	jal	ra,29b2 <iprintf>
    1e42:	a001                	j	1e42 <vTaskSwitchContext+0x94>
    1e44:	177d                	addi	a4,a4,-1
    1e46:	bf71                	j	1de2 <vTaskSwitchContext+0x34>

00001e48 <vTaskPlaceOnEventList>:
    1e48:	dd6fe2ef          	jal	t0,41e <__riscv_save_0>
    1e4c:	e505                	bnez	a0,1e74 <vTaskPlaceOnEventList+0x2c>
    1e4e:	6789                	lui	a5,0x2
    1e50:	80078793          	addi	a5,a5,-2048 # 1800 <xTaskCreate+0x60>
    1e54:	30079073          	csrw	mstatus,a5
    1e58:	00004637          	lui	a2,0x4
    1e5c:	6585                	lui	a1,0x1
    1e5e:	00004537          	lui	a0,0x4
    1e62:	cf860613          	addi	a2,a2,-776 # 3cf8 <_read+0x13a>
    1e66:	c1c58593          	addi	a1,a1,-996 # c1c <GPIO_Init+0xa2>
    1e6a:	c9850513          	addi	a0,a0,-872 # 3c98 <_read+0xda>
    1e6e:	345000ef          	jal	ra,29b2 <iprintf>
    1e72:	a001                	j	1e72 <vTaskPlaceOnEventList+0x2a>
    1e74:	200007b7          	lui	a5,0x20000
    1e78:	842e                	mv	s0,a1
    1e7a:	0ec7a583          	lw	a1,236(a5) # 200000ec <pxCurrentTCB>
    1e7e:	05e1                	addi	a1,a1,24
    1e80:	c0eff0ef          	jal	ra,128e <vListInsert>
    1e84:	4585                	li	a1,1
    1e86:	8522                	mv	a0,s0
    1e88:	873ff0ef          	jal	ra,16fa <prvAddCurrentTaskToDelayedList>
    1e8c:	db6fe06f          	j	442 <__riscv_restore_0>

00001e90 <vTaskPlaceOnEventListRestricted>:
    1e90:	d8efe2ef          	jal	t0,41e <__riscv_save_0>
    1e94:	872a                	mv	a4,a0
    1e96:	e505                	bnez	a0,1ebe <vTaskPlaceOnEventListRestricted+0x2e>
    1e98:	6789                	lui	a5,0x2
    1e9a:	80078793          	addi	a5,a5,-2048 # 1800 <xTaskCreate+0x60>
    1e9e:	30079073          	csrw	mstatus,a5
    1ea2:	00004637          	lui	a2,0x4
    1ea6:	6585                	lui	a1,0x1
    1ea8:	00004537          	lui	a0,0x4
    1eac:	cf860613          	addi	a2,a2,-776 # 3cf8 <_read+0x13a>
    1eb0:	c5258593          	addi	a1,a1,-942 # c52 <GPIO_Init+0xd8>
    1eb4:	c9850513          	addi	a0,a0,-872 # 3c98 <_read+0xda>
    1eb8:	2fb000ef          	jal	ra,29b2 <iprintf>
    1ebc:	a001                	j	1ebc <vTaskPlaceOnEventListRestricted+0x2c>
    1ebe:	200007b7          	lui	a5,0x20000
    1ec2:	0ec78793          	addi	a5,a5,236 # 200000ec <pxCurrentTCB>
    1ec6:	4354                	lw	a3,4(a4)
    1ec8:	852e                	mv	a0,a1
    1eca:	438c                	lw	a1,0(a5)
    1ecc:	0086a803          	lw	a6,8(a3)
    1ed0:	cdd4                	sw	a3,28(a1)
    1ed2:	438c                	lw	a1,0(a5)
    1ed4:	0305a023          	sw	a6,32(a1)
    1ed8:	0007a803          	lw	a6,0(a5)
    1edc:	468c                	lw	a1,8(a3)
    1ede:	0861                	addi	a6,a6,24
    1ee0:	0105a223          	sw	a6,4(a1)
    1ee4:	0007a803          	lw	a6,0(a5)
    1ee8:	439c                	lw	a5,0(a5)
    1eea:	0861                	addi	a6,a6,24
    1eec:	0106a423          	sw	a6,8(a3)
    1ef0:	d798                	sw	a4,40(a5)
    1ef2:	431c                	lw	a5,0(a4)
    1ef4:	0785                	addi	a5,a5,1
    1ef6:	c31c                	sw	a5,0(a4)
    1ef8:	c211                	beqz	a2,1efc <vTaskPlaceOnEventListRestricted+0x6c>
    1efa:	557d                	li	a0,-1
    1efc:	85b2                	mv	a1,a2
    1efe:	ffcff0ef          	jal	ra,16fa <prvAddCurrentTaskToDelayedList>
    1f02:	d40fe06f          	j	442 <__riscv_restore_0>

00001f06 <xTaskRemoveFromEventList>:
    1f06:	455c                	lw	a5,12(a0)
    1f08:	47dc                	lw	a5,12(a5)
    1f0a:	e795                	bnez	a5,1f36 <xTaskRemoveFromEventList+0x30>
    1f0c:	d12fe2ef          	jal	t0,41e <__riscv_save_0>
    1f10:	6789                	lui	a5,0x2
    1f12:	80078793          	addi	a5,a5,-2048 # 1800 <xTaskCreate+0x60>
    1f16:	30079073          	csrw	mstatus,a5
    1f1a:	00004637          	lui	a2,0x4
    1f1e:	6585                	lui	a1,0x1
    1f20:	00004537          	lui	a0,0x4
    1f24:	cf860613          	addi	a2,a2,-776 # 3cf8 <_read+0x13a>
    1f28:	c8258593          	addi	a1,a1,-894 # c82 <GPIO_WriteBit+0xe>
    1f2c:	c9850513          	addi	a0,a0,-872 # 3c98 <_read+0xda>
    1f30:	283000ef          	jal	ra,29b2 <iprintf>
    1f34:	a001                	j	1f34 <xTaskRemoveFromEventList+0x2e>
    1f36:	4fd0                	lw	a2,28(a5)
    1f38:	5394                	lw	a3,32(a5)
    1f3a:	5798                	lw	a4,40(a5)
    1f3c:	01878593          	addi	a1,a5,24
    1f40:	c614                	sw	a3,8(a2)
    1f42:	c2d0                	sw	a2,4(a3)
    1f44:	4350                	lw	a2,4(a4)
    1f46:	00b61363          	bne	a2,a1,1f4c <xTaskRemoveFromEventList+0x46>
    1f4a:	c354                	sw	a3,4(a4)
    1f4c:	4314                	lw	a3,0(a4)
    1f4e:	0207a423          	sw	zero,40(a5)
    1f52:	16fd                	addi	a3,a3,-1
    1f54:	c314                	sw	a3,0(a4)
    1f56:	20000737          	lui	a4,0x20000
    1f5a:	0fc72703          	lw	a4,252(a4) # 200000fc <uxSchedulerSuspended>
    1f5e:	57d4                	lw	a3,44(a5)
    1f60:	ef25                	bnez	a4,1fd8 <xTaskRemoveFromEventList+0xd2>
    1f62:	478c                	lw	a1,8(a5)
    1f64:	47d0                	lw	a2,12(a5)
    1f66:	4bd8                	lw	a4,20(a5)
    1f68:	c590                	sw	a2,8(a1)
    1f6a:	47d0                	lw	a2,12(a5)
    1f6c:	4348                	lw	a0,4(a4)
    1f6e:	c24c                	sw	a1,4(a2)
    1f70:	00478593          	addi	a1,a5,4
    1f74:	00b51363          	bne	a0,a1,1f7a <xTaskRemoveFromEventList+0x74>
    1f78:	c350                	sw	a2,4(a4)
    1f7a:	4310                	lw	a2,0(a4)
    1f7c:	0007aa23          	sw	zero,20(a5)
    1f80:	167d                	addi	a2,a2,-1
    1f82:	c310                	sw	a2,0(a4)
    1f84:	20000737          	lui	a4,0x20000
    1f88:	10470713          	addi	a4,a4,260 # 20000104 <uxTopReadyPriority>
    1f8c:	4310                	lw	a2,0(a4)
    1f8e:	00d67363          	bgeu	a2,a3,1f94 <xTaskRemoveFromEventList+0x8e>
    1f92:	c314                	sw	a3,0(a4)
    1f94:	4751                	li	a4,20
    1f96:	02e68633          	mul	a2,a3,a4
    1f9a:	20001737          	lui	a4,0x20001
    1f9e:	1f870713          	addi	a4,a4,504 # 200011f8 <pxReadyTasksLists>
    1fa2:	9732                	add	a4,a4,a2
    1fa4:	4350                	lw	a2,4(a4)
    1fa6:	4608                	lw	a0,8(a2)
    1fa8:	c790                	sw	a2,8(a5)
    1faa:	c7c8                	sw	a0,12(a5)
    1fac:	4608                	lw	a0,8(a2)
    1fae:	c14c                	sw	a1,4(a0)
    1fb0:	c60c                	sw	a1,8(a2)
    1fb2:	cbd8                	sw	a4,20(a5)
    1fb4:	431c                	lw	a5,0(a4)
    1fb6:	4501                	li	a0,0
    1fb8:	0785                	addi	a5,a5,1
    1fba:	c31c                	sw	a5,0(a4)
    1fbc:	200007b7          	lui	a5,0x20000
    1fc0:	0ec7a783          	lw	a5,236(a5) # 200000ec <pxCurrentTCB>
    1fc4:	57dc                	lw	a5,44(a5)
    1fc6:	00d7f863          	bgeu	a5,a3,1fd6 <xTaskRemoveFromEventList+0xd0>
    1fca:	200007b7          	lui	a5,0x20000
    1fce:	4705                	li	a4,1
    1fd0:	12e7a023          	sw	a4,288(a5) # 20000120 <xYieldPending>
    1fd4:	4505                	li	a0,1
    1fd6:	8082                	ret
    1fd8:	20001737          	lui	a4,0x20001
    1fdc:	2c070713          	addi	a4,a4,704 # 200012c0 <xPendingReadyList>
    1fe0:	4350                	lw	a2,4(a4)
    1fe2:	4608                	lw	a0,8(a2)
    1fe4:	cfd0                	sw	a2,28(a5)
    1fe6:	d388                	sw	a0,32(a5)
    1fe8:	4608                	lw	a0,8(a2)
    1fea:	c14c                	sw	a1,4(a0)
    1fec:	c60c                	sw	a1,8(a2)
    1fee:	d798                	sw	a4,40(a5)
    1ff0:	b7d1                	j	1fb4 <xTaskRemoveFromEventList+0xae>

00001ff2 <vTaskInternalSetTimeOutState>:
    1ff2:	200007b7          	lui	a5,0x20000
    1ff6:	1107a783          	lw	a5,272(a5) # 20000110 <xNumOfOverflows>
    1ffa:	c11c                	sw	a5,0(a0)
    1ffc:	200007b7          	lui	a5,0x20000
    2000:	11c7a783          	lw	a5,284(a5) # 2000011c <xTickCount>
    2004:	c15c                	sw	a5,4(a0)
    2006:	8082                	ret

00002008 <xTaskCheckForTimeOut>:
    2008:	c16fe2ef          	jal	t0,41e <__riscv_save_0>
    200c:	1141                	addi	sp,sp,-16
    200e:	e505                	bnez	a0,2036 <xTaskCheckForTimeOut+0x2e>
    2010:	6789                	lui	a5,0x2
    2012:	80078793          	addi	a5,a5,-2048 # 1800 <xTaskCreate+0x60>
    2016:	30079073          	csrw	mstatus,a5
    201a:	00004637          	lui	a2,0x4
    201e:	6585                	lui	a1,0x1
    2020:	00004537          	lui	a0,0x4
    2024:	cf860613          	addi	a2,a2,-776 # 3cf8 <_read+0x13a>
    2028:	cfd58593          	addi	a1,a1,-771 # cfd <RCC_GetClocksFreq+0x4f>
    202c:	c9850513          	addi	a0,a0,-872 # 3c98 <_read+0xda>
    2030:	183000ef          	jal	ra,29b2 <iprintf>
    2034:	a001                	j	2034 <xTaskCheckForTimeOut+0x2c>
    2036:	e585                	bnez	a1,205e <xTaskCheckForTimeOut+0x56>
    2038:	6789                	lui	a5,0x2
    203a:	80078793          	addi	a5,a5,-2048 # 1800 <xTaskCreate+0x60>
    203e:	30079073          	csrw	mstatus,a5
    2042:	00004637          	lui	a2,0x4
    2046:	6585                	lui	a1,0x1
    2048:	00004537          	lui	a0,0x4
    204c:	cf860613          	addi	a2,a2,-776 # 3cf8 <_read+0x13a>
    2050:	cfe58593          	addi	a1,a1,-770 # cfe <RCC_GetClocksFreq+0x50>
    2054:	c9850513          	addi	a0,a0,-872 # 3c98 <_read+0xda>
    2058:	15b000ef          	jal	ra,29b2 <iprintf>
    205c:	a001                	j	205c <xTaskCheckForTimeOut+0x54>
    205e:	c62e                	sw	a1,12(sp)
    2060:	c42a                	sw	a0,8(sp)
    2062:	9baff0ef          	jal	ra,121c <vPortEnterCritical>
    2066:	45b2                	lw	a1,12(sp)
    2068:	200007b7          	lui	a5,0x20000
    206c:	11c7a683          	lw	a3,284(a5) # 2000011c <xTickCount>
    2070:	419c                	lw	a5,0(a1)
    2072:	577d                	li	a4,-1
    2074:	4401                	li	s0,0
    2076:	02e78163          	beq	a5,a4,2098 <xTaskCheckForTimeOut+0x90>
    207a:	4522                	lw	a0,8(sp)
    207c:	20000637          	lui	a2,0x20000
    2080:	11062603          	lw	a2,272(a2) # 20000110 <xNumOfOverflows>
    2084:	00052803          	lw	a6,0(a0)
    2088:	4158                	lw	a4,4(a0)
    208a:	00c80d63          	beq	a6,a2,20a4 <xTaskCheckForTimeOut+0x9c>
    208e:	00e6eb63          	bltu	a3,a4,20a4 <xTaskCheckForTimeOut+0x9c>
    2092:	0005a023          	sw	zero,0(a1)
    2096:	4405                	li	s0,1
    2098:	99aff0ef          	jal	ra,1232 <vPortExitCritical>
    209c:	8522                	mv	a0,s0
    209e:	0141                	addi	sp,sp,16
    20a0:	ba2fe06f          	j	442 <__riscv_restore_0>
    20a4:	40e68633          	sub	a2,a3,a4
    20a8:	fef675e3          	bgeu	a2,a5,2092 <xTaskCheckForTimeOut+0x8a>
    20ac:	8f95                	sub	a5,a5,a3
    20ae:	97ba                	add	a5,a5,a4
    20b0:	c19c                	sw	a5,0(a1)
    20b2:	3781                	jal	1ff2 <vTaskInternalSetTimeOutState>
    20b4:	4401                	li	s0,0
    20b6:	b7cd                	j	2098 <xTaskCheckForTimeOut+0x90>

000020b8 <vTaskMissedYield>:
    20b8:	200007b7          	lui	a5,0x20000
    20bc:	4705                	li	a4,1
    20be:	12e7a023          	sw	a4,288(a5) # 20000120 <xYieldPending>
    20c2:	8082                	ret

000020c4 <xTaskGetSchedulerState>:
    20c4:	200007b7          	lui	a5,0x20000
    20c8:	1187a783          	lw	a5,280(a5) # 20000118 <xSchedulerRunning>
    20cc:	4505                	li	a0,1
    20ce:	cb81                	beqz	a5,20de <xTaskGetSchedulerState+0x1a>
    20d0:	200007b7          	lui	a5,0x20000
    20d4:	0fc7a503          	lw	a0,252(a5) # 200000fc <uxSchedulerSuspended>
    20d8:	00153513          	seqz	a0,a0
    20dc:	0506                	slli	a0,a0,0x1
    20de:	8082                	ret

000020e0 <prvCheckForValidListAndQueue>:
    20e0:	b3efe2ef          	jal	t0,41e <__riscv_save_0>
    20e4:	20000437          	lui	s0,0x20000
    20e8:	934ff0ef          	jal	ra,121c <vPortEnterCritical>
    20ec:	13040413          	addi	s0,s0,304 # 20000130 <xTimerQueue>
    20f0:	401c                	lw	a5,0(s0)
    20f2:	e7b1                	bnez	a5,213e <prvCheckForValidListAndQueue+0x5e>
    20f4:	20001537          	lui	a0,0x20001
    20f8:	2e850913          	addi	s2,a0,744 # 200012e8 <xActiveTimerList1>
    20fc:	2e850513          	addi	a0,a0,744
    2100:	974ff0ef          	jal	ra,1274 <vListInitialise>
    2104:	20001537          	lui	a0,0x20001
    2108:	2fc50493          	addi	s1,a0,764 # 200012fc <xActiveTimerList2>
    210c:	2fc50513          	addi	a0,a0,764
    2110:	964ff0ef          	jal	ra,1274 <vListInitialise>
    2114:	200007b7          	lui	a5,0x20000
    2118:	1327a223          	sw	s2,292(a5) # 20000124 <pxCurrentTimerList>
    211c:	4601                	li	a2,0
    211e:	200007b7          	lui	a5,0x20000
    2122:	45b1                	li	a1,12
    2124:	4509                	li	a0,2
    2126:	1297a423          	sw	s1,296(a5) # 20000128 <pxOverflowTimerList>
    212a:	b1eff0ef          	jal	ra,1448 <xQueueGenericCreate>
    212e:	c008                	sw	a0,0(s0)
    2130:	c519                	beqz	a0,213e <prvCheckForValidListAndQueue+0x5e>
    2132:	000045b7          	lui	a1,0x4
    2136:	d3858593          	addi	a1,a1,-712 # 3d38 <_read+0x17a>
    213a:	cbeff0ef          	jal	ra,15f8 <vQueueAddToRegistry>
    213e:	8f4ff0ef          	jal	ra,1232 <vPortExitCritical>
    2142:	b00fe06f          	j	442 <__riscv_restore_0>

00002146 <prvInsertTimerInActiveList>:
    2146:	ad8fe2ef          	jal	t0,41e <__riscv_save_0>
    214a:	c14c                	sw	a1,4(a0)
    214c:	c908                	sw	a0,16(a0)
    214e:	87aa                	mv	a5,a0
    2150:	02b66263          	bltu	a2,a1,2174 <prvInsertTimerInActiveList+0x2e>
    2154:	4d18                	lw	a4,24(a0)
    2156:	8e15                	sub	a2,a2,a3
    2158:	4505                	li	a0,1
    215a:	00e67b63          	bgeu	a2,a4,2170 <prvInsertTimerInActiveList+0x2a>
    215e:	00478593          	addi	a1,a5,4
    2162:	200007b7          	lui	a5,0x20000
    2166:	1287a503          	lw	a0,296(a5) # 20000128 <pxOverflowTimerList>
    216a:	924ff0ef          	jal	ra,128e <vListInsert>
    216e:	4501                	li	a0,0
    2170:	ad2fe06f          	j	442 <__riscv_restore_0>
    2174:	00d67563          	bgeu	a2,a3,217e <prvInsertTimerInActiveList+0x38>
    2178:	4505                	li	a0,1
    217a:	fed5fbe3          	bgeu	a1,a3,2170 <prvInsertTimerInActiveList+0x2a>
    217e:	00478593          	addi	a1,a5,4
    2182:	200007b7          	lui	a5,0x20000
    2186:	1247a503          	lw	a0,292(a5) # 20000124 <pxCurrentTimerList>
    218a:	b7c5                	j	216a <prvInsertTimerInActiveList+0x24>

0000218c <prvReloadTimer>:
    218c:	a92fe2ef          	jal	t0,41e <__riscv_save_0>
    2190:	842a                	mv	s0,a0
    2192:	84ae                	mv	s1,a1
    2194:	8932                	mv	s2,a2
    2196:	4c0c                	lw	a1,24(s0)
    2198:	86a6                	mv	a3,s1
    219a:	864a                	mv	a2,s2
    219c:	95a6                	add	a1,a1,s1
    219e:	8522                	mv	a0,s0
    21a0:	375d                	jal	2146 <prvInsertTimerInActiveList>
    21a2:	e119                	bnez	a0,21a8 <prvReloadTimer+0x1c>
    21a4:	a9efe06f          	j	442 <__riscv_restore_0>
    21a8:	4c1c                	lw	a5,24(s0)
    21aa:	8522                	mv	a0,s0
    21ac:	94be                	add	s1,s1,a5
    21ae:	501c                	lw	a5,32(s0)
    21b0:	9782                	jalr	a5
    21b2:	b7d5                	j	2196 <prvReloadTimer+0xa>

000021b4 <prvProcessExpiredTimer>:
    21b4:	a6afe2ef          	jal	t0,41e <__riscv_save_0>
    21b8:	200007b7          	lui	a5,0x20000
    21bc:	1247a783          	lw	a5,292(a5) # 20000124 <pxCurrentTimerList>
    21c0:	1141                	addi	sp,sp,-16
    21c2:	84aa                	mv	s1,a0
    21c4:	47dc                	lw	a5,12(a5)
    21c6:	c62e                	sw	a1,12(sp)
    21c8:	47c0                	lw	s0,12(a5)
    21ca:	00440513          	addi	a0,s0,4
    21ce:	8eeff0ef          	jal	ra,12bc <uxListRemove>
    21d2:	02444783          	lbu	a5,36(s0)
    21d6:	4632                	lw	a2,12(sp)
    21d8:	0047f713          	andi	a4,a5,4
    21dc:	cb11                	beqz	a4,21f0 <prvProcessExpiredTimer+0x3c>
    21de:	85a6                	mv	a1,s1
    21e0:	8522                	mv	a0,s0
    21e2:	376d                	jal	218c <prvReloadTimer>
    21e4:	501c                	lw	a5,32(s0)
    21e6:	8522                	mv	a0,s0
    21e8:	9782                	jalr	a5
    21ea:	0141                	addi	sp,sp,16
    21ec:	a56fe06f          	j	442 <__riscv_restore_0>
    21f0:	9bf9                	andi	a5,a5,-2
    21f2:	02f40223          	sb	a5,36(s0)
    21f6:	b7fd                	j	21e4 <prvProcessExpiredTimer+0x30>

000021f8 <prvSwitchTimerLists>:
    21f8:	a26fe2ef          	jal	t0,41e <__riscv_save_0>
    21fc:	20000437          	lui	s0,0x20000
    2200:	12440693          	addi	a3,s0,292 # 20000124 <pxCurrentTimerList>
    2204:	4298                	lw	a4,0(a3)
    2206:	431c                	lw	a5,0(a4)
    2208:	eb91                	bnez	a5,221c <prvSwitchTimerLists+0x24>
    220a:	200007b7          	lui	a5,0x20000
    220e:	12878793          	addi	a5,a5,296 # 20000128 <pxOverflowTimerList>
    2212:	4390                	lw	a2,0(a5)
    2214:	c398                	sw	a4,0(a5)
    2216:	c290                	sw	a2,0(a3)
    2218:	a2afe06f          	j	442 <__riscv_restore_0>
    221c:	475c                	lw	a5,12(a4)
    221e:	55fd                	li	a1,-1
    2220:	4388                	lw	a0,0(a5)
    2222:	3f49                	jal	21b4 <prvProcessExpiredTimer>
    2224:	bff1                	j	2200 <prvSwitchTimerLists+0x8>

00002226 <prvTimerTask>:
    2226:	9d0fe2ef          	jal	t0,3f6 <__riscv_save_10>
    222a:	6911                	lui	s2,0x4
    222c:	1141                	addi	sp,sp,-16
    222e:	20000ab7          	lui	s5,0x20000
    2232:	200009b7          	lui	s3,0x20000
    2236:	20000b37          	lui	s6,0x20000
    223a:	20000bb7          	lui	s7,0x20000
    223e:	d1490913          	addi	s2,s2,-748 # 3d14 <_read+0x156>
    2242:	124aa783          	lw	a5,292(s5) # 20000124 <pxCurrentTimerList>
    2246:	4398                	lw	a4,0(a5)
    2248:	cb29                	beqz	a4,229a <prvTimerTask+0x74>
    224a:	47dc                	lw	a5,12(a5)
    224c:	4c81                	li	s9,0
    224e:	0007ac03          	lw	s8,0(a5)
    2252:	fd0ff0ef          	jal	ra,1a22 <vTaskSuspendAll>
    2256:	fdcff0ef          	jal	ra,1a32 <xTaskGetTickCount>
    225a:	12c9a783          	lw	a5,300(s3) # 2000012c <xLastTime.5719>
    225e:	842a                	mv	s0,a0
    2260:	12c98493          	addi	s1,s3,300
    2264:	130b0a13          	addi	s4,s6,304 # 20000130 <xTimerQueue>
    2268:	02f56c63          	bltu	a0,a5,22a0 <prvTimerTask+0x7a>
    226c:	c088                	sw	a0,0(s1)
    226e:	020c8f63          	beqz	s9,22ac <prvTimerTask+0x86>
    2272:	128ba783          	lw	a5,296(s7) # 20000128 <pxOverflowTimerList>
    2276:	4390                	lw	a2,0(a5)
    2278:	00163613          	seqz	a2,a2
    227c:	000a2503          	lw	a0,0(s4)
    2280:	408c05b3          	sub	a1,s8,s0
    2284:	be0ff0ef          	jal	ra,1664 <vQueueWaitForMessageRestricted>
    2288:	95fff0ef          	jal	ra,1be6 <xTaskResumeAll>
    228c:	ed11                	bnez	a0,22a8 <prvTimerTask+0x82>
    228e:	e000e7b7          	lui	a5,0xe000e
    2292:	6711                	lui	a4,0x4
    2294:	20e7a023          	sw	a4,512(a5) # e000e200 <__freertos_irq_stack_top+0xc0009200>
    2298:	a801                	j	22a8 <prvTimerTask+0x82>
    229a:	4c85                	li	s9,1
    229c:	4c01                	li	s8,0
    229e:	bf55                	j	2252 <prvTimerTask+0x2c>
    22a0:	3fa1                	jal	21f8 <prvSwitchTimerLists>
    22a2:	c080                	sw	s0,0(s1)
    22a4:	943ff0ef          	jal	ra,1be6 <xTaskResumeAll>
    22a8:	4c21                	li	s8,8
    22aa:	a0a9                	j	22f4 <prvTimerTask+0xce>
    22ac:	4601                	li	a2,0
    22ae:	fd8567e3          	bltu	a0,s8,227c <prvTimerTask+0x56>
    22b2:	935ff0ef          	jal	ra,1be6 <xTaskResumeAll>
    22b6:	85a2                	mv	a1,s0
    22b8:	8562                	mv	a0,s8
    22ba:	3ded                	jal	21b4 <prvProcessExpiredTimer>
    22bc:	b7f5                	j	22a8 <prvTimerTask+0x82>
    22be:	02444783          	lbu	a5,36(s0)
    22c2:	4c0c                	lw	a1,24(s0)
    22c4:	46a2                	lw	a3,8(sp)
    22c6:	0017e793          	ori	a5,a5,1
    22ca:	02f40223          	sb	a5,36(s0)
    22ce:	8666                	mv	a2,s9
    22d0:	95b6                	add	a1,a1,a3
    22d2:	8522                	mv	a0,s0
    22d4:	3d8d                	jal	2146 <prvInsertTimerInActiveList>
    22d6:	cd19                	beqz	a0,22f4 <prvTimerTask+0xce>
    22d8:	02444783          	lbu	a5,36(s0)
    22dc:	0047f713          	andi	a4,a5,4
    22e0:	cf21                	beqz	a4,2338 <prvTimerTask+0x112>
    22e2:	4c1c                	lw	a5,24(s0)
    22e4:	45a2                	lw	a1,8(sp)
    22e6:	8666                	mv	a2,s9
    22e8:	8522                	mv	a0,s0
    22ea:	95be                	add	a1,a1,a5
    22ec:	3545                	jal	218c <prvReloadTimer>
    22ee:	501c                	lw	a5,32(s0)
    22f0:	8522                	mv	a0,s0
    22f2:	9782                	jalr	a5
    22f4:	000a2503          	lw	a0,0(s4)
    22f8:	4601                	li	a2,0
    22fa:	004c                	addi	a1,sp,4
    22fc:	9b6ff0ef          	jal	ra,14b2 <xQueueReceive>
    2300:	d129                	beqz	a0,2242 <prvTimerTask+0x1c>
    2302:	4792                	lw	a5,4(sp)
    2304:	fe07c8e3          	bltz	a5,22f4 <prvTimerTask+0xce>
    2308:	4432                	lw	s0,12(sp)
    230a:	485c                	lw	a5,20(s0)
    230c:	c789                	beqz	a5,2316 <prvTimerTask+0xf0>
    230e:	00440513          	addi	a0,s0,4
    2312:	fabfe0ef          	jal	ra,12bc <uxListRemove>
    2316:	f1cff0ef          	jal	ra,1a32 <xTaskGetTickCount>
    231a:	409c                	lw	a5,0(s1)
    231c:	8caa                	mv	s9,a0
    231e:	00f57363          	bgeu	a0,a5,2324 <prvTimerTask+0xfe>
    2322:	3dd9                	jal	21f8 <prvSwitchTimerLists>
    2324:	4792                	lw	a5,4(sp)
    2326:	0194a023          	sw	s9,0(s1)
    232a:	17fd                	addi	a5,a5,-1
    232c:	fcfc64e3          	bltu	s8,a5,22f4 <prvTimerTask+0xce>
    2330:	078a                	slli	a5,a5,0x2
    2332:	97ca                	add	a5,a5,s2
    2334:	439c                	lw	a5,0(a5)
    2336:	8782                	jr	a5
    2338:	9bf9                	andi	a5,a5,-2
    233a:	02f40223          	sb	a5,36(s0)
    233e:	bf45                	j	22ee <prvTimerTask+0xc8>
    2340:	02444783          	lbu	a5,36(s0)
    2344:	9bf9                	andi	a5,a5,-2
    2346:	02f40223          	sb	a5,36(s0)
    234a:	b76d                	j	22f4 <prvTimerTask+0xce>
    234c:	02444783          	lbu	a5,36(s0)
    2350:	45a2                	lw	a1,8(sp)
    2352:	0017e793          	ori	a5,a5,1
    2356:	02f40223          	sb	a5,36(s0)
    235a:	cc0c                	sw	a1,24(s0)
    235c:	e195                	bnez	a1,2380 <prvTimerTask+0x15a>
    235e:	6789                	lui	a5,0x2
    2360:	80078793          	addi	a5,a5,-2048 # 1800 <xTaskCreate+0x60>
    2364:	30079073          	csrw	mstatus,a5
    2368:	00004637          	lui	a2,0x4
    236c:	00004537          	lui	a0,0x4
    2370:	d4060613          	addi	a2,a2,-704 # 3d40 <_read+0x182>
    2374:	35900593          	li	a1,857
    2378:	c9850513          	addi	a0,a0,-872 # 3c98 <_read+0xda>
    237c:	2d1d                	jal	29b2 <iprintf>
    237e:	a001                	j	237e <prvTimerTask+0x158>
    2380:	86e6                	mv	a3,s9
    2382:	8666                	mv	a2,s9
    2384:	95e6                	add	a1,a1,s9
    2386:	8522                	mv	a0,s0
    2388:	3b7d                	jal	2146 <prvInsertTimerInActiveList>
    238a:	b7ad                	j	22f4 <prvTimerTask+0xce>
    238c:	02444783          	lbu	a5,36(s0)
    2390:	0027f713          	andi	a4,a5,2
    2394:	fb45                	bnez	a4,2344 <prvTimerTask+0x11e>
    2396:	8522                	mv	a0,s0
    2398:	c97fe0ef          	jal	ra,102e <vPortFree>
    239c:	bfa1                	j	22f4 <prvTimerTask+0xce>

0000239e <xTimerCreateTimerTask>:
    239e:	880fe2ef          	jal	t0,41e <__riscv_save_0>
    23a2:	3b3d                	jal	20e0 <prvCheckForValidListAndQueue>
    23a4:	200007b7          	lui	a5,0x20000
    23a8:	1307a783          	lw	a5,304(a5) # 20000130 <xTimerQueue>
    23ac:	e395                	bnez	a5,23d0 <xTimerCreateTimerTask+0x32>
    23ae:	6789                	lui	a5,0x2
    23b0:	80078793          	addi	a5,a5,-2048 # 1800 <xTaskCreate+0x60>
    23b4:	30079073          	csrw	mstatus,a5
    23b8:	00004637          	lui	a2,0x4
    23bc:	00004537          	lui	a0,0x4
    23c0:	d4060613          	addi	a2,a2,-704 # 3d40 <_read+0x182>
    23c4:	11900593          	li	a1,281
    23c8:	c9850513          	addi	a0,a0,-872 # 3c98 <_read+0xda>
    23cc:	23dd                	jal	29b2 <iprintf>
    23ce:	a001                	j	23ce <xTimerCreateTimerTask+0x30>
    23d0:	200007b7          	lui	a5,0x20000
    23d4:	000045b7          	lui	a1,0x4
    23d8:	00002537          	lui	a0,0x2
    23dc:	13478793          	addi	a5,a5,308 # 20000134 <xTimerTaskHandle>
    23e0:	471d                	li	a4,7
    23e2:	4681                	li	a3,0
    23e4:	08000613          	li	a2,128
    23e8:	d5858593          	addi	a1,a1,-680 # 3d58 <_read+0x19a>
    23ec:	22650513          	addi	a0,a0,550 # 2226 <prvTimerTask>
    23f0:	bb0ff0ef          	jal	ra,17a0 <xTaskCreate>
    23f4:	dd4d                	beqz	a0,23ae <xTimerCreateTimerTask+0x10>
    23f6:	84cfe06f          	j	442 <__riscv_restore_0>

000023fa <Delay_Init>:
    23fa:	200007b7          	lui	a5,0x20000
    23fe:	0907a783          	lw	a5,144(a5) # 20000090 <SystemCoreClock>
    2402:	007a1737          	lui	a4,0x7a1
    2406:	20070713          	addi	a4,a4,512 # 7a1200 <_data_lma+0x79d298>
    240a:	02e7d7b3          	divu	a5,a5,a4
    240e:	20000737          	lui	a4,0x20000
    2412:	0ff7f793          	andi	a5,a5,255
    2416:	12f70d23          	sb	a5,314(a4) # 2000013a <p_us>
    241a:	3e800713          	li	a4,1000
    241e:	02e787b3          	mul	a5,a5,a4
    2422:	20000737          	lui	a4,0x20000
    2426:	12f71c23          	sh	a5,312(a4) # 20000138 <p_ms>
    242a:	8082                	ret

0000242c <USART_Printf_Init>:
    242c:	ff3fd2ef          	jal	t0,41e <__riscv_save_0>
    2430:	842a                	mv	s0,a0
    2432:	6511                	lui	a0,0x4
    2434:	1101                	addi	sp,sp,-32
    2436:	4585                	li	a1,1
    2438:	0511                	addi	a0,a0,4
    243a:	933fe0ef          	jal	ra,d6c <RCC_APB2PeriphClockCmd>
    243e:	20000793          	li	a5,512
    2442:	827c                	sh	a5,4(sp)
    2444:	40011537          	lui	a0,0x40011
    2448:	478d                	li	a5,3
    244a:	c43e                	sw	a5,8(sp)
    244c:	004c                	addi	a1,sp,4
    244e:	47e1                	li	a5,24
    2450:	80050513          	addi	a0,a0,-2048 # 40010800 <__freertos_irq_stack_top+0x2000b800>
    2454:	c63e                	sw	a5,12(sp)
    2456:	f24fe0ef          	jal	ra,b7a <GPIO_Init>
    245a:	c822                	sw	s0,16(sp)
    245c:	40014437          	lui	s0,0x40014
    2460:	000807b7          	lui	a5,0x80
    2464:	080c                	addi	a1,sp,16
    2466:	80040513          	addi	a0,s0,-2048 # 40013800 <__freertos_irq_stack_top+0x2000e800>
    246a:	cc3e                	sw	a5,24(sp)
    246c:	ca02                	sw	zero,20(sp)
    246e:	00011e23          	sh	zero,28(sp)
    2472:	919fe0ef          	jal	ra,d8a <USART_Init>
    2476:	4585                	li	a1,1
    2478:	80040513          	addi	a0,s0,-2048
    247c:	9b5fe0ef          	jal	ra,e30 <USART_Cmd>
    2480:	6105                	addi	sp,sp,32
    2482:	fc1fd06f          	j	442 <__riscv_restore_0>

00002486 <_write>:
    2486:	f7ffd2ef          	jal	t0,404 <__riscv_save_4>
    248a:	400144b7          	lui	s1,0x40014
    248e:	89ae                	mv	s3,a1
    2490:	8932                	mv	s2,a2
    2492:	4401                	li	s0,0
    2494:	80048493          	addi	s1,s1,-2048 # 40013800 <__freertos_irq_stack_top+0x2000e800>
    2498:	01244563          	blt	s0,s2,24a2 <_write+0x1c>
    249c:	854a                	mv	a0,s2
    249e:	f9bfd06f          	j	438 <__riscv_restore_4>
    24a2:	04000593          	li	a1,64
    24a6:	8526                	mv	a0,s1
    24a8:	9a7fe0ef          	jal	ra,e4e <USART_GetFlagStatus>
    24ac:	d97d                	beqz	a0,24a2 <_write+0x1c>
    24ae:	008987b3          	add	a5,s3,s0
    24b2:	00078583          	lb	a1,0(a5) # 80000 <_data_lma+0x7c098>
    24b6:	8526                	mv	a0,s1
    24b8:	0405                	addi	s0,s0,1
    24ba:	05c2                	slli	a1,a1,0x10
    24bc:	81c1                	srli	a1,a1,0x10
    24be:	989fe0ef          	jal	ra,e46 <USART_SendData>
    24c2:	bfd9                	j	2498 <_write+0x12>

000024c4 <_sbrk>:
    24c4:	81018713          	addi	a4,gp,-2032 # 200000a0 <curbrk.4672>
    24c8:	431c                	lw	a5,0(a4)
    24ca:	200016b7          	lui	a3,0x20001
    24ce:	31468693          	addi	a3,a3,788 # 20001314 <_ebss>
    24d2:	953e                	add	a0,a0,a5
    24d4:	00d56b63          	bltu	a0,a3,24ea <_sbrk+0x26>
    24d8:	200056b7          	lui	a3,0x20005
    24dc:	80068693          	addi	a3,a3,-2048 # 20004800 <_heap_end>
    24e0:	00a6e563          	bltu	a3,a0,24ea <_sbrk+0x26>
    24e4:	c308                	sw	a0,0(a4)
    24e6:	853e                	mv	a0,a5
    24e8:	8082                	ret
    24ea:	57fd                	li	a5,-1
    24ec:	bfed                	j	24e6 <_sbrk+0x22>

000024ee <main>:
    24ee:	f31fd2ef          	jal	t0,41e <__riscv_save_0>
    24f2:	4505                	li	a0,1
    24f4:	f9efe0ef          	jal	ra,c92 <NVIC_PriorityGroupConfig>
    24f8:	c2afe0ef          	jal	ra,922 <SystemCoreClockUpdate>
    24fc:	3dfd                	jal	23fa <Delay_Init>
    24fe:	6571                	lui	a0,0x1c
    2500:	20050513          	addi	a0,a0,512 # 1c200 <_data_lma+0x18298>
    2504:	3725                	jal	242c <USART_Printf_Init>
    2506:	200007b7          	lui	a5,0x20000
    250a:	0907a583          	lw	a1,144(a5) # 20000090 <SystemCoreClock>
    250e:	00004537          	lui	a0,0x4
    2512:	d6050513          	addi	a0,a0,-672 # 3d60 <_read+0x1a2>
    2516:	2971                	jal	29b2 <iprintf>
    2518:	e58fe0ef          	jal	ra,b70 <DBGMCU_GetCHIPID>
    251c:	85aa                	mv	a1,a0
    251e:	00004537          	lui	a0,0x4
    2522:	d7050513          	addi	a0,a0,-656 # 3d70 <_read+0x1b2>
    2526:	2171                	jal	29b2 <iprintf>
    2528:	000045b7          	lui	a1,0x4
    252c:	00004537          	lui	a0,0x4
    2530:	d8058593          	addi	a1,a1,-640 # 3d80 <_read+0x1c2>
    2534:	d8850513          	addi	a0,a0,-632 # 3d88 <_read+0x1ca>
    2538:	29ad                	jal	29b2 <iprintf>
    253a:	954fe0ef          	jal	ra,68e <GpioManager::Init()>
    253e:	00004437          	lui	s0,0x4
    2542:	c50ff0ef          	jal	ra,1992 <vTaskStartScheduler>
    2546:	da840513          	addi	a0,s0,-600 # 3da8 <_read+0x1ea>
    254a:	2bb5                	jal	2ac6 <puts>
    254c:	bfed                	j	2546 <main+0x58>

0000254e <__cxa_guard_acquire>:
    254e:	211c                	lbu	a5,0(a0)
    2550:	eb81                	bnez	a5,2560 <__cxa_guard_acquire+0x12>
    2552:	311c                	lbu	a5,1(a0)
    2554:	c391                	beqz	a5,2558 <__cxa_guard_acquire+0xa>
    2556:	9002                	ebreak
    2558:	4785                	li	a5,1
    255a:	b11c                	sb	a5,1(a0)
    255c:	4505                	li	a0,1
    255e:	8082                	ret
    2560:	4501                	li	a0,0
    2562:	8082                	ret

00002564 <__cxa_guard_release>:
    2564:	4785                	li	a5,1
    2566:	000500a3          	sb	zero,1(a0)
    256a:	a11c                	sb	a5,0(a0)
    256c:	8082                	ret

0000256e <__udivdi3>:
    256e:	87b6                	mv	a5,a3
    2570:	88b2                	mv	a7,a2
    2572:	832a                	mv	t1,a0
    2574:	882e                	mv	a6,a1
    2576:	14069b63          	bnez	a3,26cc <__udivdi3+0x15e>
    257a:	0ac5f863          	bgeu	a1,a2,262a <__udivdi3+0xbc>
    257e:	6741                	lui	a4,0x10
    2580:	1ae66b63          	bltu	a2,a4,2736 <__udivdi3+0x1c8>
    2584:	010007b7          	lui	a5,0x1000
    2588:	34f66063          	bltu	a2,a5,28c8 <__udivdi3+0x35a>
    258c:	01865693          	srli	a3,a2,0x18
    2590:	47e1                	li	a5,24
    2592:	00002717          	auipc	a4,0x2
    2596:	83a70713          	addi	a4,a4,-1990 # 3dcc <__clz_tab>
    259a:	9736                	add	a4,a4,a3
    259c:	2318                	lbu	a4,0(a4)
    259e:	97ba                	add	a5,a5,a4
    25a0:	02000713          	li	a4,32
    25a4:	8f1d                	sub	a4,a4,a5
    25a6:	cb19                	beqz	a4,25bc <__udivdi3+0x4e>
    25a8:	00e59833          	sll	a6,a1,a4
    25ac:	00f557b3          	srl	a5,a0,a5
    25b0:	00e618b3          	sll	a7,a2,a4
    25b4:	0107e833          	or	a6,a5,a6
    25b8:	00e51333          	sll	t1,a0,a4
    25bc:	0108d613          	srli	a2,a7,0x10
    25c0:	02c85533          	divu	a0,a6,a2
    25c4:	01089693          	slli	a3,a7,0x10
    25c8:	82c1                	srli	a3,a3,0x10
    25ca:	01035793          	srli	a5,t1,0x10
    25ce:	02c87733          	remu	a4,a6,a2
    25d2:	02a685b3          	mul	a1,a3,a0
    25d6:	0742                	slli	a4,a4,0x10
    25d8:	00f76833          	or	a6,a4,a5
    25dc:	00b87a63          	bgeu	a6,a1,25f0 <__udivdi3+0x82>
    25e0:	9846                	add	a6,a6,a7
    25e2:	fff50793          	addi	a5,a0,-1
    25e6:	01186463          	bltu	a6,a7,25ee <__udivdi3+0x80>
    25ea:	30b86563          	bltu	a6,a1,28f4 <__udivdi3+0x386>
    25ee:	853e                	mv	a0,a5
    25f0:	40b80833          	sub	a6,a6,a1
    25f4:	02c85733          	divu	a4,a6,a2
    25f8:	0342                	slli	t1,t1,0x10
    25fa:	01035313          	srli	t1,t1,0x10
    25fe:	02c87833          	remu	a6,a6,a2
    2602:	02e686b3          	mul	a3,a3,a4
    2606:	0842                	slli	a6,a6,0x10
    2608:	00686833          	or	a6,a6,t1
    260c:	00d87b63          	bgeu	a6,a3,2622 <__udivdi3+0xb4>
    2610:	9846                	add	a6,a6,a7
    2612:	fff70793          	addi	a5,a4,-1
    2616:	01186563          	bltu	a6,a7,2620 <__udivdi3+0xb2>
    261a:	1779                	addi	a4,a4,-2
    261c:	00d86363          	bltu	a6,a3,2622 <__udivdi3+0xb4>
    2620:	873e                	mv	a4,a5
    2622:	0542                	slli	a0,a0,0x10
    2624:	8d59                	or	a0,a0,a4
    2626:	4581                	li	a1,0
    2628:	8082                	ret
    262a:	e601                	bnez	a2,2632 <__udivdi3+0xc4>
    262c:	4705                	li	a4,1
    262e:	02c758b3          	divu	a7,a4,a2
    2632:	6741                	lui	a4,0x10
    2634:	0ee8e863          	bltu	a7,a4,2724 <__udivdi3+0x1b6>
    2638:	010007b7          	lui	a5,0x1000
    263c:	28f8ea63          	bltu	a7,a5,28d0 <__udivdi3+0x362>
    2640:	0188d693          	srli	a3,a7,0x18
    2644:	47e1                	li	a5,24
    2646:	00001717          	auipc	a4,0x1
    264a:	78670713          	addi	a4,a4,1926 # 3dcc <__clz_tab>
    264e:	9736                	add	a4,a4,a3
    2650:	2314                	lbu	a3,0(a4)
    2652:	96be                	add	a3,a3,a5
    2654:	02000793          	li	a5,32
    2658:	8f95                	sub	a5,a5,a3
    265a:	e7fd                	bnez	a5,2748 <__udivdi3+0x1da>
    265c:	01089e93          	slli	t4,a7,0x10
    2660:	41158733          	sub	a4,a1,a7
    2664:	0108df13          	srli	t5,a7,0x10
    2668:	010ede93          	srli	t4,t4,0x10
    266c:	4585                	li	a1,1
    266e:	01035793          	srli	a5,t1,0x10
    2672:	03e75533          	divu	a0,a4,t5
    2676:	03e77733          	remu	a4,a4,t5
    267a:	03d506b3          	mul	a3,a0,t4
    267e:	0742                	slli	a4,a4,0x10
    2680:	8fd9                	or	a5,a5,a4
    2682:	00d7fa63          	bgeu	a5,a3,2696 <__udivdi3+0x128>
    2686:	97c6                	add	a5,a5,a7
    2688:	fff50713          	addi	a4,a0,-1
    268c:	0117e463          	bltu	a5,a7,2694 <__udivdi3+0x126>
    2690:	26d7e563          	bltu	a5,a3,28fa <__udivdi3+0x38c>
    2694:	853a                	mv	a0,a4
    2696:	8f95                	sub	a5,a5,a3
    2698:	03e7d733          	divu	a4,a5,t5
    269c:	0342                	slli	t1,t1,0x10
    269e:	01035313          	srli	t1,t1,0x10
    26a2:	03e7f7b3          	remu	a5,a5,t5
    26a6:	03d70eb3          	mul	t4,a4,t4
    26aa:	07c2                	slli	a5,a5,0x10
    26ac:	0067e7b3          	or	a5,a5,t1
    26b0:	01d7fb63          	bgeu	a5,t4,26c6 <__udivdi3+0x158>
    26b4:	97c6                	add	a5,a5,a7
    26b6:	fff70693          	addi	a3,a4,-1
    26ba:	0117e563          	bltu	a5,a7,26c4 <__udivdi3+0x156>
    26be:	1779                	addi	a4,a4,-2
    26c0:	01d7e363          	bltu	a5,t4,26c6 <__udivdi3+0x158>
    26c4:	8736                	mv	a4,a3
    26c6:	0542                	slli	a0,a0,0x10
    26c8:	8d59                	or	a0,a0,a4
    26ca:	8082                	ret
    26cc:	04d5e163          	bltu	a1,a3,270e <__udivdi3+0x1a0>
    26d0:	67c1                	lui	a5,0x10
    26d2:	04f6e163          	bltu	a3,a5,2714 <__udivdi3+0x1a6>
    26d6:	010007b7          	lui	a5,0x1000
    26da:	1ef6e363          	bltu	a3,a5,28c0 <__udivdi3+0x352>
    26de:	0186d713          	srli	a4,a3,0x18
    26e2:	4861                	li	a6,24
    26e4:	00001797          	auipc	a5,0x1
    26e8:	6e878793          	addi	a5,a5,1768 # 3dcc <__clz_tab>
    26ec:	97ba                	add	a5,a5,a4
    26ee:	2398                	lbu	a4,0(a5)
    26f0:	02000e13          	li	t3,32
    26f4:	9742                	add	a4,a4,a6
    26f6:	40ee0e33          	sub	t3,t3,a4
    26fa:	0c0e1a63          	bnez	t3,27ce <__udivdi3+0x260>
    26fe:	1cb6ed63          	bltu	a3,a1,28d8 <__udivdi3+0x36a>
    2702:	00c53533          	sltu	a0,a0,a2
    2706:	00154513          	xori	a0,a0,1
    270a:	4581                	li	a1,0
    270c:	8082                	ret
    270e:	4581                	li	a1,0
    2710:	4501                	li	a0,0
    2712:	8082                	ret
    2714:	0ff00793          	li	a5,255
    2718:	1cd7f363          	bgeu	a5,a3,28de <__udivdi3+0x370>
    271c:	0086d713          	srli	a4,a3,0x8
    2720:	4821                	li	a6,8
    2722:	b7c9                	j	26e4 <__udivdi3+0x176>
    2724:	0ff00713          	li	a4,255
    2728:	86c6                	mv	a3,a7
    272a:	f1177ee3          	bgeu	a4,a7,2646 <__udivdi3+0xd8>
    272e:	0088d693          	srli	a3,a7,0x8
    2732:	47a1                	li	a5,8
    2734:	bf09                	j	2646 <__udivdi3+0xd8>
    2736:	0ff00713          	li	a4,255
    273a:	86b2                	mv	a3,a2
    273c:	e4c77be3          	bgeu	a4,a2,2592 <__udivdi3+0x24>
    2740:	00865693          	srli	a3,a2,0x8
    2744:	47a1                	li	a5,8
    2746:	b5b1                	j	2592 <__udivdi3+0x24>
    2748:	00f898b3          	sll	a7,a7,a5
    274c:	00d5d633          	srl	a2,a1,a3
    2750:	0108df13          	srli	t5,a7,0x10
    2754:	03e65e33          	divu	t3,a2,t5
    2758:	00f59733          	sll	a4,a1,a5
    275c:	00d556b3          	srl	a3,a0,a3
    2760:	8f55                	or	a4,a4,a3
    2762:	01089e93          	slli	t4,a7,0x10
    2766:	010ede93          	srli	t4,t4,0x10
    276a:	00f51333          	sll	t1,a0,a5
    276e:	01075593          	srli	a1,a4,0x10
    2772:	03e676b3          	remu	a3,a2,t5
    2776:	03ce87b3          	mul	a5,t4,t3
    277a:	06c2                	slli	a3,a3,0x10
    277c:	8ecd                	or	a3,a3,a1
    277e:	00f6fb63          	bgeu	a3,a5,2794 <__udivdi3+0x226>
    2782:	96c6                	add	a3,a3,a7
    2784:	fffe0613          	addi	a2,t3,-1
    2788:	1716e463          	bltu	a3,a7,28f0 <__udivdi3+0x382>
    278c:	16f6f263          	bgeu	a3,a5,28f0 <__udivdi3+0x382>
    2790:	1e79                	addi	t3,t3,-2
    2792:	96c6                	add	a3,a3,a7
    2794:	8e9d                	sub	a3,a3,a5
    2796:	03e6d633          	divu	a2,a3,t5
    279a:	01071793          	slli	a5,a4,0x10
    279e:	83c1                	srli	a5,a5,0x10
    27a0:	03e6f6b3          	remu	a3,a3,t5
    27a4:	02ce8533          	mul	a0,t4,a2
    27a8:	01069713          	slli	a4,a3,0x10
    27ac:	8f5d                	or	a4,a4,a5
    27ae:	00a77b63          	bgeu	a4,a0,27c4 <__udivdi3+0x256>
    27b2:	9746                	add	a4,a4,a7
    27b4:	fff60793          	addi	a5,a2,-1
    27b8:	13176863          	bltu	a4,a7,28e8 <__udivdi3+0x37a>
    27bc:	12a77663          	bgeu	a4,a0,28e8 <__udivdi3+0x37a>
    27c0:	1679                	addi	a2,a2,-2
    27c2:	9746                	add	a4,a4,a7
    27c4:	010e1593          	slli	a1,t3,0x10
    27c8:	8f09                	sub	a4,a4,a0
    27ca:	8dd1                	or	a1,a1,a2
    27cc:	b54d                	j	266e <__udivdi3+0x100>
    27ce:	00e657b3          	srl	a5,a2,a4
    27d2:	01c696b3          	sll	a3,a3,t3
    27d6:	8edd                	or	a3,a3,a5
    27d8:	00e5d333          	srl	t1,a1,a4
    27dc:	0106df13          	srli	t5,a3,0x10
    27e0:	03e357b3          	divu	a5,t1,t5
    27e4:	01069e93          	slli	t4,a3,0x10
    27e8:	010ede93          	srli	t4,t4,0x10
    27ec:	01c59833          	sll	a6,a1,t3
    27f0:	00e55733          	srl	a4,a0,a4
    27f4:	01076833          	or	a6,a4,a6
    27f8:	01085893          	srli	a7,a6,0x10
    27fc:	01c61633          	sll	a2,a2,t3
    2800:	03e37333          	remu	t1,t1,t5
    2804:	02fe85b3          	mul	a1,t4,a5
    2808:	0342                	slli	t1,t1,0x10
    280a:	011368b3          	or	a7,t1,a7
    280e:	00b8fb63          	bgeu	a7,a1,2824 <__udivdi3+0x2b6>
    2812:	98b6                	add	a7,a7,a3
    2814:	fff78713          	addi	a4,a5,-1
    2818:	0cd8ea63          	bltu	a7,a3,28ec <__udivdi3+0x37e>
    281c:	0cb8f863          	bgeu	a7,a1,28ec <__udivdi3+0x37e>
    2820:	17f9                	addi	a5,a5,-2
    2822:	98b6                	add	a7,a7,a3
    2824:	40b888b3          	sub	a7,a7,a1
    2828:	03e8d733          	divu	a4,a7,t5
    282c:	0842                	slli	a6,a6,0x10
    282e:	01085813          	srli	a6,a6,0x10
    2832:	03e8f8b3          	remu	a7,a7,t5
    2836:	02ee8333          	mul	t1,t4,a4
    283a:	08c2                	slli	a7,a7,0x10
    283c:	0108e5b3          	or	a1,a7,a6
    2840:	0065fb63          	bgeu	a1,t1,2856 <__udivdi3+0x2e8>
    2844:	95b6                	add	a1,a1,a3
    2846:	fff70813          	addi	a6,a4,-1
    284a:	08d5ed63          	bltu	a1,a3,28e4 <__udivdi3+0x376>
    284e:	0865fb63          	bgeu	a1,t1,28e4 <__udivdi3+0x376>
    2852:	1779                	addi	a4,a4,-2
    2854:	95b6                	add	a1,a1,a3
    2856:	07c2                	slli	a5,a5,0x10
    2858:	6f41                	lui	t5,0x10
    285a:	8fd9                	or	a5,a5,a4
    285c:	ffff0713          	addi	a4,t5,-1 # ffff <_data_lma+0xc097>
    2860:	00e7f6b3          	and	a3,a5,a4
    2864:	0107d893          	srli	a7,a5,0x10
    2868:	8f71                	and	a4,a4,a2
    286a:	8241                	srli	a2,a2,0x10
    286c:	02e68eb3          	mul	t4,a3,a4
    2870:	406585b3          	sub	a1,a1,t1
    2874:	02c686b3          	mul	a3,a3,a2
    2878:	010ed813          	srli	a6,t4,0x10
    287c:	02e88733          	mul	a4,a7,a4
    2880:	96ba                	add	a3,a3,a4
    2882:	96c2                	add	a3,a3,a6
    2884:	02c88633          	mul	a2,a7,a2
    2888:	00e6f363          	bgeu	a3,a4,288e <__udivdi3+0x320>
    288c:	967a                	add	a2,a2,t5
    288e:	0106d893          	srli	a7,a3,0x10
    2892:	9646                	add	a2,a2,a7
    2894:	02c5e263          	bltu	a1,a2,28b8 <__udivdi3+0x34a>
    2898:	00c58563          	beq	a1,a2,28a2 <__udivdi3+0x334>
    289c:	853e                	mv	a0,a5
    289e:	4581                	li	a1,0
    28a0:	8082                	ret
    28a2:	6741                	lui	a4,0x10
    28a4:	177d                	addi	a4,a4,-1
    28a6:	8ef9                	and	a3,a3,a4
    28a8:	06c2                	slli	a3,a3,0x10
    28aa:	00eefeb3          	and	t4,t4,a4
    28ae:	01c51533          	sll	a0,a0,t3
    28b2:	96f6                	add	a3,a3,t4
    28b4:	fed574e3          	bgeu	a0,a3,289c <__udivdi3+0x32e>
    28b8:	fff78513          	addi	a0,a5,-1
    28bc:	4581                	li	a1,0
    28be:	8082                	ret
    28c0:	0106d713          	srli	a4,a3,0x10
    28c4:	4841                	li	a6,16
    28c6:	bd39                	j	26e4 <__udivdi3+0x176>
    28c8:	01065693          	srli	a3,a2,0x10
    28cc:	47c1                	li	a5,16
    28ce:	b1d1                	j	2592 <__udivdi3+0x24>
    28d0:	0108d693          	srli	a3,a7,0x10
    28d4:	47c1                	li	a5,16
    28d6:	bb85                	j	2646 <__udivdi3+0xd8>
    28d8:	4581                	li	a1,0
    28da:	4505                	li	a0,1
    28dc:	8082                	ret
    28de:	8736                	mv	a4,a3
    28e0:	4801                	li	a6,0
    28e2:	b509                	j	26e4 <__udivdi3+0x176>
    28e4:	8742                	mv	a4,a6
    28e6:	bf85                	j	2856 <__udivdi3+0x2e8>
    28e8:	863e                	mv	a2,a5
    28ea:	bde9                	j	27c4 <__udivdi3+0x256>
    28ec:	87ba                	mv	a5,a4
    28ee:	bf1d                	j	2824 <__udivdi3+0x2b6>
    28f0:	8e32                	mv	t3,a2
    28f2:	b54d                	j	2794 <__udivdi3+0x226>
    28f4:	1579                	addi	a0,a0,-2
    28f6:	9846                	add	a6,a6,a7
    28f8:	b9e5                	j	25f0 <__udivdi3+0x82>
    28fa:	1579                	addi	a0,a0,-2
    28fc:	97c6                	add	a5,a5,a7
    28fe:	bb61                	j	2696 <__udivdi3+0x128>

00002900 <memcpy>:
    2900:	00a5c7b3          	xor	a5,a1,a0
    2904:	8b8d                	andi	a5,a5,3
    2906:	00c50733          	add	a4,a0,a2
    290a:	e781                	bnez	a5,2912 <memcpy+0x12>
    290c:	478d                	li	a5,3
    290e:	00c7ed63          	bltu	a5,a2,2928 <memcpy+0x28>
    2912:	87aa                	mv	a5,a0
    2914:	08e57e63          	bgeu	a0,a4,29b0 <memcpy+0xb0>
    2918:	2194                	lbu	a3,0(a1)
    291a:	0785                	addi	a5,a5,1
    291c:	0585                	addi	a1,a1,1
    291e:	fed78fa3          	sb	a3,-1(a5)
    2922:	fee7ebe3          	bltu	a5,a4,2918 <memcpy+0x18>
    2926:	8082                	ret
    2928:	00357693          	andi	a3,a0,3
    292c:	87aa                	mv	a5,a0
    292e:	ca89                	beqz	a3,2940 <memcpy+0x40>
    2930:	2194                	lbu	a3,0(a1)
    2932:	0785                	addi	a5,a5,1
    2934:	0585                	addi	a1,a1,1
    2936:	fed78fa3          	sb	a3,-1(a5)
    293a:	0037f693          	andi	a3,a5,3
    293e:	bfc5                	j	292e <memcpy+0x2e>
    2940:	ffc77693          	andi	a3,a4,-4
    2944:	fe068613          	addi	a2,a3,-32
    2948:	06c7f063          	bgeu	a5,a2,29a8 <memcpy+0xa8>
    294c:	0005a383          	lw	t2,0(a1)
    2950:	0045a283          	lw	t0,4(a1)
    2954:	0085af83          	lw	t6,8(a1)
    2958:	00c5af03          	lw	t5,12(a1)
    295c:	0105ae83          	lw	t4,16(a1)
    2960:	0145ae03          	lw	t3,20(a1)
    2964:	0185a303          	lw	t1,24(a1)
    2968:	01c5a883          	lw	a7,28(a1)
    296c:	02458593          	addi	a1,a1,36
    2970:	0077a023          	sw	t2,0(a5)
    2974:	ffc5a803          	lw	a6,-4(a1)
    2978:	0057a223          	sw	t0,4(a5)
    297c:	01f7a423          	sw	t6,8(a5)
    2980:	01e7a623          	sw	t5,12(a5)
    2984:	01d7a823          	sw	t4,16(a5)
    2988:	01c7aa23          	sw	t3,20(a5)
    298c:	0067ac23          	sw	t1,24(a5)
    2990:	0117ae23          	sw	a7,28(a5)
    2994:	02478793          	addi	a5,a5,36
    2998:	ff07ae23          	sw	a6,-4(a5)
    299c:	b775                	j	2948 <memcpy+0x48>
    299e:	4190                	lw	a2,0(a1)
    29a0:	0791                	addi	a5,a5,4
    29a2:	0591                	addi	a1,a1,4
    29a4:	fec7ae23          	sw	a2,-4(a5)
    29a8:	fed7ebe3          	bltu	a5,a3,299e <memcpy+0x9e>
    29ac:	f6e7e6e3          	bltu	a5,a4,2918 <memcpy+0x18>
    29b0:	8082                	ret

000029b2 <iprintf>:
    29b2:	7139                	addi	sp,sp,-64
    29b4:	da3e                	sw	a5,52(sp)
    29b6:	d22e                	sw	a1,36(sp)
    29b8:	d432                	sw	a2,40(sp)
    29ba:	d636                	sw	a3,44(sp)
    29bc:	d83a                	sw	a4,48(sp)
    29be:	dc42                	sw	a6,56(sp)
    29c0:	de46                	sw	a7,60(sp)
    29c2:	81418793          	addi	a5,gp,-2028 # 200000a4 <_impure_ptr>
    29c6:	cc22                	sw	s0,24(sp)
    29c8:	4380                	lw	s0,0(a5)
    29ca:	ca26                	sw	s1,20(sp)
    29cc:	ce06                	sw	ra,28(sp)
    29ce:	84aa                	mv	s1,a0
    29d0:	c409                	beqz	s0,29da <iprintf+0x28>
    29d2:	4c1c                	lw	a5,24(s0)
    29d4:	e399                	bnez	a5,29da <iprintf+0x28>
    29d6:	8522                	mv	a0,s0
    29d8:	29ed                	jal	2ed2 <__sinit>
    29da:	440c                	lw	a1,8(s0)
    29dc:	1054                	addi	a3,sp,36
    29de:	8626                	mv	a2,s1
    29e0:	8522                	mv	a0,s0
    29e2:	c636                	sw	a3,12(sp)
    29e4:	13f000ef          	jal	ra,3322 <_vfiprintf_r>
    29e8:	40f2                	lw	ra,28(sp)
    29ea:	4462                	lw	s0,24(sp)
    29ec:	44d2                	lw	s1,20(sp)
    29ee:	6121                	addi	sp,sp,64
    29f0:	8082                	ret

000029f2 <_puts_r>:
    29f2:	1101                	addi	sp,sp,-32
    29f4:	ca26                	sw	s1,20(sp)
    29f6:	c84a                	sw	s2,16(sp)
    29f8:	ce06                	sw	ra,28(sp)
    29fa:	cc22                	sw	s0,24(sp)
    29fc:	c64e                	sw	s3,12(sp)
    29fe:	c452                	sw	s4,8(sp)
    2a00:	84aa                	mv	s1,a0
    2a02:	892e                	mv	s2,a1
    2a04:	c501                	beqz	a0,2a0c <_puts_r+0x1a>
    2a06:	4d1c                	lw	a5,24(a0)
    2a08:	e391                	bnez	a5,2a0c <_puts_r+0x1a>
    2a0a:	21e1                	jal	2ed2 <__sinit>
    2a0c:	4c9c                	lw	a5,24(s1)
    2a0e:	4480                	lw	s0,8(s1)
    2a10:	e399                	bnez	a5,2a16 <_puts_r+0x24>
    2a12:	8526                	mv	a0,s1
    2a14:	297d                	jal	2ed2 <__sinit>
    2a16:	00001797          	auipc	a5,0x1
    2a1a:	4d678793          	addi	a5,a5,1238 # 3eec <__sf_fake_stdin>
    2a1e:	02f41b63          	bne	s0,a5,2a54 <_puts_r+0x62>
    2a22:	40c0                	lw	s0,4(s1)
    2a24:	245e                	lhu	a5,12(s0)
    2a26:	8ba1                	andi	a5,a5,8
    2a28:	c7b1                	beqz	a5,2a74 <_puts_r+0x82>
    2a2a:	481c                	lw	a5,16(s0)
    2a2c:	c7a1                	beqz	a5,2a74 <_puts_r+0x82>
    2a2e:	59fd                	li	s3,-1
    2a30:	4a29                	li	s4,10
    2a32:	441c                	lw	a5,8(s0)
    2a34:	00094583          	lbu	a1,0(s2)
    2a38:	17fd                	addi	a5,a5,-1
    2a3a:	e9b1                	bnez	a1,2a8e <_puts_r+0x9c>
    2a3c:	c41c                	sw	a5,8(s0)
    2a3e:	0607dd63          	bgez	a5,2ab8 <_puts_r+0xc6>
    2a42:	8622                	mv	a2,s0
    2a44:	45a9                	li	a1,10
    2a46:	8526                	mv	a0,s1
    2a48:	2061                	jal	2ad0 <__swbuf_r>
    2a4a:	57fd                	li	a5,-1
    2a4c:	02f50863          	beq	a0,a5,2a7c <_puts_r+0x8a>
    2a50:	4529                	li	a0,10
    2a52:	a035                	j	2a7e <_puts_r+0x8c>
    2a54:	00001797          	auipc	a5,0x1
    2a58:	4b878793          	addi	a5,a5,1208 # 3f0c <__sf_fake_stdout>
    2a5c:	00f41463          	bne	s0,a5,2a64 <_puts_r+0x72>
    2a60:	4480                	lw	s0,8(s1)
    2a62:	b7c9                	j	2a24 <_puts_r+0x32>
    2a64:	00001797          	auipc	a5,0x1
    2a68:	46878793          	addi	a5,a5,1128 # 3ecc <__sf_fake_stderr>
    2a6c:	faf41ce3          	bne	s0,a5,2a24 <_puts_r+0x32>
    2a70:	44c0                	lw	s0,12(s1)
    2a72:	bf4d                	j	2a24 <_puts_r+0x32>
    2a74:	85a2                	mv	a1,s0
    2a76:	8526                	mv	a0,s1
    2a78:	2a11                	jal	2b8c <__swsetup_r>
    2a7a:	d955                	beqz	a0,2a2e <_puts_r+0x3c>
    2a7c:	557d                	li	a0,-1
    2a7e:	40f2                	lw	ra,28(sp)
    2a80:	4462                	lw	s0,24(sp)
    2a82:	44d2                	lw	s1,20(sp)
    2a84:	4942                	lw	s2,16(sp)
    2a86:	49b2                	lw	s3,12(sp)
    2a88:	4a22                	lw	s4,8(sp)
    2a8a:	6105                	addi	sp,sp,32
    2a8c:	8082                	ret
    2a8e:	c41c                	sw	a5,8(s0)
    2a90:	0905                	addi	s2,s2,1
    2a92:	0007d763          	bgez	a5,2aa0 <_puts_r+0xae>
    2a96:	4c18                	lw	a4,24(s0)
    2a98:	00e7ca63          	blt	a5,a4,2aac <_puts_r+0xba>
    2a9c:	01458863          	beq	a1,s4,2aac <_puts_r+0xba>
    2aa0:	401c                	lw	a5,0(s0)
    2aa2:	00178713          	addi	a4,a5,1
    2aa6:	c018                	sw	a4,0(s0)
    2aa8:	a38c                	sb	a1,0(a5)
    2aaa:	b761                	j	2a32 <_puts_r+0x40>
    2aac:	8622                	mv	a2,s0
    2aae:	8526                	mv	a0,s1
    2ab0:	2005                	jal	2ad0 <__swbuf_r>
    2ab2:	f93510e3          	bne	a0,s3,2a32 <_puts_r+0x40>
    2ab6:	b7d9                	j	2a7c <_puts_r+0x8a>
    2ab8:	401c                	lw	a5,0(s0)
    2aba:	00178713          	addi	a4,a5,1
    2abe:	c018                	sw	a4,0(s0)
    2ac0:	4729                	li	a4,10
    2ac2:	a398                	sb	a4,0(a5)
    2ac4:	b771                	j	2a50 <_puts_r+0x5e>

00002ac6 <puts>:
    2ac6:	81418793          	addi	a5,gp,-2028 # 200000a4 <_impure_ptr>
    2aca:	85aa                	mv	a1,a0
    2acc:	4388                	lw	a0,0(a5)
    2ace:	b715                	j	29f2 <_puts_r>

00002ad0 <__swbuf_r>:
    2ad0:	1101                	addi	sp,sp,-32
    2ad2:	cc22                	sw	s0,24(sp)
    2ad4:	ca26                	sw	s1,20(sp)
    2ad6:	c84a                	sw	s2,16(sp)
    2ad8:	ce06                	sw	ra,28(sp)
    2ada:	c64e                	sw	s3,12(sp)
    2adc:	84aa                	mv	s1,a0
    2ade:	892e                	mv	s2,a1
    2ae0:	8432                	mv	s0,a2
    2ae2:	c501                	beqz	a0,2aea <__swbuf_r+0x1a>
    2ae4:	4d1c                	lw	a5,24(a0)
    2ae6:	e391                	bnez	a5,2aea <__swbuf_r+0x1a>
    2ae8:	26ed                	jal	2ed2 <__sinit>
    2aea:	00001797          	auipc	a5,0x1
    2aee:	40278793          	addi	a5,a5,1026 # 3eec <__sf_fake_stdin>
    2af2:	06f41763          	bne	s0,a5,2b60 <__swbuf_r+0x90>
    2af6:	40c0                	lw	s0,4(s1)
    2af8:	4c1c                	lw	a5,24(s0)
    2afa:	c41c                	sw	a5,8(s0)
    2afc:	245e                	lhu	a5,12(s0)
    2afe:	8ba1                	andi	a5,a5,8
    2b00:	c3c1                	beqz	a5,2b80 <__swbuf_r+0xb0>
    2b02:	481c                	lw	a5,16(s0)
    2b04:	cfb5                	beqz	a5,2b80 <__swbuf_r+0xb0>
    2b06:	481c                	lw	a5,16(s0)
    2b08:	4008                	lw	a0,0(s0)
    2b0a:	0ff97993          	andi	s3,s2,255
    2b0e:	0ff97913          	andi	s2,s2,255
    2b12:	8d1d                	sub	a0,a0,a5
    2b14:	485c                	lw	a5,20(s0)
    2b16:	00f54663          	blt	a0,a5,2b22 <__swbuf_r+0x52>
    2b1a:	85a2                	mv	a1,s0
    2b1c:	8526                	mv	a0,s1
    2b1e:	2c69                	jal	2db8 <_fflush_r>
    2b20:	e525                	bnez	a0,2b88 <__swbuf_r+0xb8>
    2b22:	441c                	lw	a5,8(s0)
    2b24:	0505                	addi	a0,a0,1
    2b26:	17fd                	addi	a5,a5,-1
    2b28:	c41c                	sw	a5,8(s0)
    2b2a:	401c                	lw	a5,0(s0)
    2b2c:	00178713          	addi	a4,a5,1
    2b30:	c018                	sw	a4,0(s0)
    2b32:	01378023          	sb	s3,0(a5)
    2b36:	485c                	lw	a5,20(s0)
    2b38:	00a78863          	beq	a5,a0,2b48 <__swbuf_r+0x78>
    2b3c:	245e                	lhu	a5,12(s0)
    2b3e:	8b85                	andi	a5,a5,1
    2b40:	cb81                	beqz	a5,2b50 <__swbuf_r+0x80>
    2b42:	47a9                	li	a5,10
    2b44:	00f91663          	bne	s2,a5,2b50 <__swbuf_r+0x80>
    2b48:	85a2                	mv	a1,s0
    2b4a:	8526                	mv	a0,s1
    2b4c:	24b5                	jal	2db8 <_fflush_r>
    2b4e:	ed0d                	bnez	a0,2b88 <__swbuf_r+0xb8>
    2b50:	40f2                	lw	ra,28(sp)
    2b52:	4462                	lw	s0,24(sp)
    2b54:	854a                	mv	a0,s2
    2b56:	44d2                	lw	s1,20(sp)
    2b58:	4942                	lw	s2,16(sp)
    2b5a:	49b2                	lw	s3,12(sp)
    2b5c:	6105                	addi	sp,sp,32
    2b5e:	8082                	ret
    2b60:	00001797          	auipc	a5,0x1
    2b64:	3ac78793          	addi	a5,a5,940 # 3f0c <__sf_fake_stdout>
    2b68:	00f41463          	bne	s0,a5,2b70 <__swbuf_r+0xa0>
    2b6c:	4480                	lw	s0,8(s1)
    2b6e:	b769                	j	2af8 <__swbuf_r+0x28>
    2b70:	00001797          	auipc	a5,0x1
    2b74:	35c78793          	addi	a5,a5,860 # 3ecc <__sf_fake_stderr>
    2b78:	f8f410e3          	bne	s0,a5,2af8 <__swbuf_r+0x28>
    2b7c:	44c0                	lw	s0,12(s1)
    2b7e:	bfad                	j	2af8 <__swbuf_r+0x28>
    2b80:	85a2                	mv	a1,s0
    2b82:	8526                	mv	a0,s1
    2b84:	2021                	jal	2b8c <__swsetup_r>
    2b86:	d141                	beqz	a0,2b06 <__swbuf_r+0x36>
    2b88:	597d                	li	s2,-1
    2b8a:	b7d9                	j	2b50 <__swbuf_r+0x80>

00002b8c <__swsetup_r>:
    2b8c:	1141                	addi	sp,sp,-16
    2b8e:	81418793          	addi	a5,gp,-2028 # 200000a4 <_impure_ptr>
    2b92:	c226                	sw	s1,4(sp)
    2b94:	4384                	lw	s1,0(a5)
    2b96:	c422                	sw	s0,8(sp)
    2b98:	c04a                	sw	s2,0(sp)
    2b9a:	c606                	sw	ra,12(sp)
    2b9c:	892a                	mv	s2,a0
    2b9e:	842e                	mv	s0,a1
    2ba0:	c489                	beqz	s1,2baa <__swsetup_r+0x1e>
    2ba2:	4c9c                	lw	a5,24(s1)
    2ba4:	e399                	bnez	a5,2baa <__swsetup_r+0x1e>
    2ba6:	8526                	mv	a0,s1
    2ba8:	262d                	jal	2ed2 <__sinit>
    2baa:	00001797          	auipc	a5,0x1
    2bae:	34278793          	addi	a5,a5,834 # 3eec <__sf_fake_stdin>
    2bb2:	02f41b63          	bne	s0,a5,2be8 <__swsetup_r+0x5c>
    2bb6:	40c0                	lw	s0,4(s1)
    2bb8:	00c41703          	lh	a4,12(s0)
    2bbc:	01071793          	slli	a5,a4,0x10
    2bc0:	83c1                	srli	a5,a5,0x10
    2bc2:	0087f693          	andi	a3,a5,8
    2bc6:	eaad                	bnez	a3,2c38 <__swsetup_r+0xac>
    2bc8:	0107f693          	andi	a3,a5,16
    2bcc:	ee95                	bnez	a3,2c08 <__swsetup_r+0x7c>
    2bce:	47a5                	li	a5,9
    2bd0:	00f92023          	sw	a5,0(s2)
    2bd4:	04076713          	ori	a4,a4,64
    2bd8:	a45a                	sh	a4,12(s0)
    2bda:	557d                	li	a0,-1
    2bdc:	40b2                	lw	ra,12(sp)
    2bde:	4422                	lw	s0,8(sp)
    2be0:	4492                	lw	s1,4(sp)
    2be2:	4902                	lw	s2,0(sp)
    2be4:	0141                	addi	sp,sp,16
    2be6:	8082                	ret
    2be8:	00001797          	auipc	a5,0x1
    2bec:	32478793          	addi	a5,a5,804 # 3f0c <__sf_fake_stdout>
    2bf0:	00f41463          	bne	s0,a5,2bf8 <__swsetup_r+0x6c>
    2bf4:	4480                	lw	s0,8(s1)
    2bf6:	b7c9                	j	2bb8 <__swsetup_r+0x2c>
    2bf8:	00001797          	auipc	a5,0x1
    2bfc:	2d478793          	addi	a5,a5,724 # 3ecc <__sf_fake_stderr>
    2c00:	faf41ce3          	bne	s0,a5,2bb8 <__swsetup_r+0x2c>
    2c04:	44c0                	lw	s0,12(s1)
    2c06:	bf4d                	j	2bb8 <__swsetup_r+0x2c>
    2c08:	8b91                	andi	a5,a5,4
    2c0a:	c39d                	beqz	a5,2c30 <__swsetup_r+0xa4>
    2c0c:	584c                	lw	a1,52(s0)
    2c0e:	c989                	beqz	a1,2c20 <__swsetup_r+0x94>
    2c10:	04440793          	addi	a5,s0,68
    2c14:	00f58463          	beq	a1,a5,2c1c <__swsetup_r+0x90>
    2c18:	854a                	mv	a0,s2
    2c1a:	2331                	jal	3126 <_free_r>
    2c1c:	02042a23          	sw	zero,52(s0)
    2c20:	245e                	lhu	a5,12(s0)
    2c22:	00042223          	sw	zero,4(s0)
    2c26:	fdb7f793          	andi	a5,a5,-37
    2c2a:	a45e                	sh	a5,12(s0)
    2c2c:	481c                	lw	a5,16(s0)
    2c2e:	c01c                	sw	a5,0(s0)
    2c30:	245e                	lhu	a5,12(s0)
    2c32:	0087e793          	ori	a5,a5,8
    2c36:	a45e                	sh	a5,12(s0)
    2c38:	481c                	lw	a5,16(s0)
    2c3a:	eb99                	bnez	a5,2c50 <__swsetup_r+0xc4>
    2c3c:	245e                	lhu	a5,12(s0)
    2c3e:	20000713          	li	a4,512
    2c42:	2807f793          	andi	a5,a5,640
    2c46:	00e78563          	beq	a5,a4,2c50 <__swsetup_r+0xc4>
    2c4a:	85a2                	mv	a1,s0
    2c4c:	854a                	mv	a0,s2
    2c4e:	21a1                	jal	3096 <__smakebuf_r>
    2c50:	245e                	lhu	a5,12(s0)
    2c52:	0017f713          	andi	a4,a5,1
    2c56:	c31d                	beqz	a4,2c7c <__swsetup_r+0xf0>
    2c58:	485c                	lw	a5,20(s0)
    2c5a:	00042423          	sw	zero,8(s0)
    2c5e:	40f007b3          	neg	a5,a5
    2c62:	cc1c                	sw	a5,24(s0)
    2c64:	481c                	lw	a5,16(s0)
    2c66:	4501                	li	a0,0
    2c68:	fbb5                	bnez	a5,2bdc <__swsetup_r+0x50>
    2c6a:	00c41783          	lh	a5,12(s0)
    2c6e:	0807f713          	andi	a4,a5,128
    2c72:	d72d                	beqz	a4,2bdc <__swsetup_r+0x50>
    2c74:	0407e793          	ori	a5,a5,64
    2c78:	a45e                	sh	a5,12(s0)
    2c7a:	b785                	j	2bda <__swsetup_r+0x4e>
    2c7c:	8b89                	andi	a5,a5,2
    2c7e:	4701                	li	a4,0
    2c80:	e391                	bnez	a5,2c84 <__swsetup_r+0xf8>
    2c82:	4858                	lw	a4,20(s0)
    2c84:	c418                	sw	a4,8(s0)
    2c86:	bff9                	j	2c64 <__swsetup_r+0xd8>

00002c88 <__sflush_r>:
    2c88:	25de                	lhu	a5,12(a1)
    2c8a:	1101                	addi	sp,sp,-32
    2c8c:	cc22                	sw	s0,24(sp)
    2c8e:	ca26                	sw	s1,20(sp)
    2c90:	ce06                	sw	ra,28(sp)
    2c92:	c84a                	sw	s2,16(sp)
    2c94:	c64e                	sw	s3,12(sp)
    2c96:	0087f713          	andi	a4,a5,8
    2c9a:	84aa                	mv	s1,a0
    2c9c:	842e                	mv	s0,a1
    2c9e:	eb79                	bnez	a4,2d74 <__sflush_r+0xec>
    2ca0:	41d8                	lw	a4,4(a1)
    2ca2:	00e04d63          	bgtz	a4,2cbc <__sflush_r+0x34>
    2ca6:	41b8                	lw	a4,64(a1)
    2ca8:	00e04a63          	bgtz	a4,2cbc <__sflush_r+0x34>
    2cac:	4501                	li	a0,0
    2cae:	40f2                	lw	ra,28(sp)
    2cb0:	4462                	lw	s0,24(sp)
    2cb2:	44d2                	lw	s1,20(sp)
    2cb4:	4942                	lw	s2,16(sp)
    2cb6:	49b2                	lw	s3,12(sp)
    2cb8:	6105                	addi	sp,sp,32
    2cba:	8082                	ret
    2cbc:	5458                	lw	a4,44(s0)
    2cbe:	d77d                	beqz	a4,2cac <__sflush_r+0x24>
    2cc0:	0004a903          	lw	s2,0(s1)
    2cc4:	01379693          	slli	a3,a5,0x13
    2cc8:	0004a023          	sw	zero,0(s1)
    2ccc:	0606db63          	bgez	a3,2d42 <__sflush_r+0xba>
    2cd0:	4870                	lw	a2,84(s0)
    2cd2:	245e                	lhu	a5,12(s0)
    2cd4:	8b91                	andi	a5,a5,4
    2cd6:	c799                	beqz	a5,2ce4 <__sflush_r+0x5c>
    2cd8:	405c                	lw	a5,4(s0)
    2cda:	8e1d                	sub	a2,a2,a5
    2cdc:	585c                	lw	a5,52(s0)
    2cde:	c399                	beqz	a5,2ce4 <__sflush_r+0x5c>
    2ce0:	403c                	lw	a5,64(s0)
    2ce2:	8e1d                	sub	a2,a2,a5
    2ce4:	545c                	lw	a5,44(s0)
    2ce6:	500c                	lw	a1,32(s0)
    2ce8:	4681                	li	a3,0
    2cea:	8526                	mv	a0,s1
    2cec:	9782                	jalr	a5
    2cee:	57fd                	li	a5,-1
    2cf0:	245a                	lhu	a4,12(s0)
    2cf2:	00f51d63          	bne	a0,a5,2d0c <__sflush_r+0x84>
    2cf6:	4094                	lw	a3,0(s1)
    2cf8:	47f5                	li	a5,29
    2cfa:	06d7e863          	bltu	a5,a3,2d6a <__sflush_r+0xe2>
    2cfe:	204007b7          	lui	a5,0x20400
    2d02:	0785                	addi	a5,a5,1
    2d04:	00d7d7b3          	srl	a5,a5,a3
    2d08:	8b85                	andi	a5,a5,1
    2d0a:	c3a5                	beqz	a5,2d6a <__sflush_r+0xe2>
    2d0c:	481c                	lw	a5,16(s0)
    2d0e:	00042223          	sw	zero,4(s0)
    2d12:	c01c                	sw	a5,0(s0)
    2d14:	01371793          	slli	a5,a4,0x13
    2d18:	0007d863          	bgez	a5,2d28 <__sflush_r+0xa0>
    2d1c:	57fd                	li	a5,-1
    2d1e:	00f51463          	bne	a0,a5,2d26 <__sflush_r+0x9e>
    2d22:	409c                	lw	a5,0(s1)
    2d24:	e391                	bnez	a5,2d28 <__sflush_r+0xa0>
    2d26:	c868                	sw	a0,84(s0)
    2d28:	584c                	lw	a1,52(s0)
    2d2a:	0124a023          	sw	s2,0(s1)
    2d2e:	ddbd                	beqz	a1,2cac <__sflush_r+0x24>
    2d30:	04440793          	addi	a5,s0,68
    2d34:	00f58463          	beq	a1,a5,2d3c <__sflush_r+0xb4>
    2d38:	8526                	mv	a0,s1
    2d3a:	26f5                	jal	3126 <_free_r>
    2d3c:	02042a23          	sw	zero,52(s0)
    2d40:	b7b5                	j	2cac <__sflush_r+0x24>
    2d42:	500c                	lw	a1,32(s0)
    2d44:	4601                	li	a2,0
    2d46:	4685                	li	a3,1
    2d48:	8526                	mv	a0,s1
    2d4a:	9702                	jalr	a4
    2d4c:	57fd                	li	a5,-1
    2d4e:	862a                	mv	a2,a0
    2d50:	f8f511e3          	bne	a0,a5,2cd2 <__sflush_r+0x4a>
    2d54:	409c                	lw	a5,0(s1)
    2d56:	dfb5                	beqz	a5,2cd2 <__sflush_r+0x4a>
    2d58:	4775                	li	a4,29
    2d5a:	00e78563          	beq	a5,a4,2d64 <__sflush_r+0xdc>
    2d5e:	4759                	li	a4,22
    2d60:	04e79363          	bne	a5,a4,2da6 <__sflush_r+0x11e>
    2d64:	0124a023          	sw	s2,0(s1)
    2d68:	b791                	j	2cac <__sflush_r+0x24>
    2d6a:	04076713          	ori	a4,a4,64
    2d6e:	a45a                	sh	a4,12(s0)
    2d70:	557d                	li	a0,-1
    2d72:	bf35                	j	2cae <__sflush_r+0x26>
    2d74:	0105a983          	lw	s3,16(a1)
    2d78:	f2098ae3          	beqz	s3,2cac <__sflush_r+0x24>
    2d7c:	0005a903          	lw	s2,0(a1)
    2d80:	8b8d                	andi	a5,a5,3
    2d82:	0135a023          	sw	s3,0(a1)
    2d86:	41390933          	sub	s2,s2,s3
    2d8a:	4701                	li	a4,0
    2d8c:	e391                	bnez	a5,2d90 <__sflush_r+0x108>
    2d8e:	49d8                	lw	a4,20(a1)
    2d90:	c418                	sw	a4,8(s0)
    2d92:	f1205de3          	blez	s2,2cac <__sflush_r+0x24>
    2d96:	541c                	lw	a5,40(s0)
    2d98:	500c                	lw	a1,32(s0)
    2d9a:	86ca                	mv	a3,s2
    2d9c:	864e                	mv	a2,s3
    2d9e:	8526                	mv	a0,s1
    2da0:	9782                	jalr	a5
    2da2:	00a04763          	bgtz	a0,2db0 <__sflush_r+0x128>
    2da6:	245e                	lhu	a5,12(s0)
    2da8:	0407e793          	ori	a5,a5,64
    2dac:	a45e                	sh	a5,12(s0)
    2dae:	b7c9                	j	2d70 <__sflush_r+0xe8>
    2db0:	99aa                	add	s3,s3,a0
    2db2:	40a90933          	sub	s2,s2,a0
    2db6:	bff1                	j	2d92 <__sflush_r+0x10a>

00002db8 <_fflush_r>:
    2db8:	499c                	lw	a5,16(a1)
    2dba:	cfb9                	beqz	a5,2e18 <_fflush_r+0x60>
    2dbc:	1101                	addi	sp,sp,-32
    2dbe:	cc22                	sw	s0,24(sp)
    2dc0:	ce06                	sw	ra,28(sp)
    2dc2:	842a                	mv	s0,a0
    2dc4:	c511                	beqz	a0,2dd0 <_fflush_r+0x18>
    2dc6:	4d1c                	lw	a5,24(a0)
    2dc8:	e781                	bnez	a5,2dd0 <_fflush_r+0x18>
    2dca:	c62e                	sw	a1,12(sp)
    2dcc:	2219                	jal	2ed2 <__sinit>
    2dce:	45b2                	lw	a1,12(sp)
    2dd0:	00001797          	auipc	a5,0x1
    2dd4:	11c78793          	addi	a5,a5,284 # 3eec <__sf_fake_stdin>
    2dd8:	00f59b63          	bne	a1,a5,2dee <_fflush_r+0x36>
    2ddc:	404c                	lw	a1,4(s0)
    2dde:	00c59783          	lh	a5,12(a1)
    2de2:	c795                	beqz	a5,2e0e <_fflush_r+0x56>
    2de4:	8522                	mv	a0,s0
    2de6:	4462                	lw	s0,24(sp)
    2de8:	40f2                	lw	ra,28(sp)
    2dea:	6105                	addi	sp,sp,32
    2dec:	bd71                	j	2c88 <__sflush_r>
    2dee:	00001797          	auipc	a5,0x1
    2df2:	11e78793          	addi	a5,a5,286 # 3f0c <__sf_fake_stdout>
    2df6:	00f59463          	bne	a1,a5,2dfe <_fflush_r+0x46>
    2dfa:	440c                	lw	a1,8(s0)
    2dfc:	b7cd                	j	2dde <_fflush_r+0x26>
    2dfe:	00001797          	auipc	a5,0x1
    2e02:	0ce78793          	addi	a5,a5,206 # 3ecc <__sf_fake_stderr>
    2e06:	fcf59ce3          	bne	a1,a5,2dde <_fflush_r+0x26>
    2e0a:	444c                	lw	a1,12(s0)
    2e0c:	bfc9                	j	2dde <_fflush_r+0x26>
    2e0e:	40f2                	lw	ra,28(sp)
    2e10:	4462                	lw	s0,24(sp)
    2e12:	4501                	li	a0,0
    2e14:	6105                	addi	sp,sp,32
    2e16:	8082                	ret
    2e18:	4501                	li	a0,0
    2e1a:	8082                	ret

00002e1c <std>:
    2e1c:	1141                	addi	sp,sp,-16
    2e1e:	c422                	sw	s0,8(sp)
    2e20:	c606                	sw	ra,12(sp)
    2e22:	842a                	mv	s0,a0
    2e24:	a54e                	sh	a1,12(a0)
    2e26:	a572                	sh	a2,14(a0)
    2e28:	00052023          	sw	zero,0(a0)
    2e2c:	00052223          	sw	zero,4(a0)
    2e30:	00052423          	sw	zero,8(a0)
    2e34:	06052223          	sw	zero,100(a0)
    2e38:	00052823          	sw	zero,16(a0)
    2e3c:	00052a23          	sw	zero,20(a0)
    2e40:	00052c23          	sw	zero,24(a0)
    2e44:	4621                	li	a2,8
    2e46:	4581                	li	a1,0
    2e48:	05c50513          	addi	a0,a0,92
    2e4c:	e02fd0ef          	jal	ra,44e <memset>
    2e50:	00001797          	auipc	a5,0x1
    2e54:	b3878793          	addi	a5,a5,-1224 # 3988 <__sread>
    2e58:	d05c                	sw	a5,36(s0)
    2e5a:	00001797          	auipc	a5,0x1
    2e5e:	b5a78793          	addi	a5,a5,-1190 # 39b4 <__swrite>
    2e62:	d41c                	sw	a5,40(s0)
    2e64:	00001797          	auipc	a5,0x1
    2e68:	b9878793          	addi	a5,a5,-1128 # 39fc <__sseek>
    2e6c:	d45c                	sw	a5,44(s0)
    2e6e:	00001797          	auipc	a5,0x1
    2e72:	bbe78793          	addi	a5,a5,-1090 # 3a2c <__sclose>
    2e76:	d000                	sw	s0,32(s0)
    2e78:	d81c                	sw	a5,48(s0)
    2e7a:	40b2                	lw	ra,12(sp)
    2e7c:	4422                	lw	s0,8(sp)
    2e7e:	0141                	addi	sp,sp,16
    2e80:	8082                	ret

00002e82 <_cleanup_r>:
    2e82:	00000597          	auipc	a1,0x0
    2e86:	f3658593          	addi	a1,a1,-202 # 2db8 <_fflush_r>
    2e8a:	a2a9                	j	2fd4 <_fwalk_reent>

00002e8c <__sfmoreglue>:
    2e8c:	1141                	addi	sp,sp,-16
    2e8e:	c226                	sw	s1,4(sp)
    2e90:	06800613          	li	a2,104
    2e94:	fff58493          	addi	s1,a1,-1
    2e98:	02c484b3          	mul	s1,s1,a2
    2e9c:	c04a                	sw	s2,0(sp)
    2e9e:	892e                	mv	s2,a1
    2ea0:	c422                	sw	s0,8(sp)
    2ea2:	c606                	sw	ra,12(sp)
    2ea4:	07448593          	addi	a1,s1,116
    2ea8:	263d                	jal	31d6 <_malloc_r>
    2eaa:	842a                	mv	s0,a0
    2eac:	cd01                	beqz	a0,2ec4 <__sfmoreglue+0x38>
    2eae:	00052023          	sw	zero,0(a0)
    2eb2:	01252223          	sw	s2,4(a0)
    2eb6:	0531                	addi	a0,a0,12
    2eb8:	c408                	sw	a0,8(s0)
    2eba:	06848613          	addi	a2,s1,104
    2ebe:	4581                	li	a1,0
    2ec0:	d8efd0ef          	jal	ra,44e <memset>
    2ec4:	8522                	mv	a0,s0
    2ec6:	40b2                	lw	ra,12(sp)
    2ec8:	4422                	lw	s0,8(sp)
    2eca:	4492                	lw	s1,4(sp)
    2ecc:	4902                	lw	s2,0(sp)
    2ece:	0141                	addi	sp,sp,16
    2ed0:	8082                	ret

00002ed2 <__sinit>:
    2ed2:	4d1c                	lw	a5,24(a0)
    2ed4:	e3ad                	bnez	a5,2f36 <__sinit+0x64>
    2ed6:	1141                	addi	sp,sp,-16
    2ed8:	c606                	sw	ra,12(sp)
    2eda:	c422                	sw	s0,8(sp)
    2edc:	00000797          	auipc	a5,0x0
    2ee0:	fa678793          	addi	a5,a5,-90 # 2e82 <_cleanup_r>
    2ee4:	d51c                	sw	a5,40(a0)
    2ee6:	81c18793          	addi	a5,gp,-2020 # 200000ac <_global_impure_ptr>
    2eea:	439c                	lw	a5,0(a5)
    2eec:	04052423          	sw	zero,72(a0)
    2ef0:	04052623          	sw	zero,76(a0)
    2ef4:	04052823          	sw	zero,80(a0)
    2ef8:	00f51463          	bne	a0,a5,2f00 <__sinit+0x2e>
    2efc:	4785                	li	a5,1
    2efe:	cd1c                	sw	a5,24(a0)
    2f00:	842a                	mv	s0,a0
    2f02:	281d                	jal	2f38 <__sfp>
    2f04:	c048                	sw	a0,4(s0)
    2f06:	8522                	mv	a0,s0
    2f08:	2805                	jal	2f38 <__sfp>
    2f0a:	c408                	sw	a0,8(s0)
    2f0c:	8522                	mv	a0,s0
    2f0e:	202d                	jal	2f38 <__sfp>
    2f10:	c448                	sw	a0,12(s0)
    2f12:	4048                	lw	a0,4(s0)
    2f14:	4601                	li	a2,0
    2f16:	4591                	li	a1,4
    2f18:	3711                	jal	2e1c <std>
    2f1a:	4408                	lw	a0,8(s0)
    2f1c:	4605                	li	a2,1
    2f1e:	45a5                	li	a1,9
    2f20:	3df5                	jal	2e1c <std>
    2f22:	4448                	lw	a0,12(s0)
    2f24:	4609                	li	a2,2
    2f26:	45c9                	li	a1,18
    2f28:	3dd5                	jal	2e1c <std>
    2f2a:	4785                	li	a5,1
    2f2c:	cc1c                	sw	a5,24(s0)
    2f2e:	40b2                	lw	ra,12(sp)
    2f30:	4422                	lw	s0,8(sp)
    2f32:	0141                	addi	sp,sp,16
    2f34:	8082                	ret
    2f36:	8082                	ret

00002f38 <__sfp>:
    2f38:	1141                	addi	sp,sp,-16
    2f3a:	81c18793          	addi	a5,gp,-2020 # 200000ac <_global_impure_ptr>
    2f3e:	c226                	sw	s1,4(sp)
    2f40:	4384                	lw	s1,0(a5)
    2f42:	c04a                	sw	s2,0(sp)
    2f44:	c606                	sw	ra,12(sp)
    2f46:	4c9c                	lw	a5,24(s1)
    2f48:	c422                	sw	s0,8(sp)
    2f4a:	892a                	mv	s2,a0
    2f4c:	e399                	bnez	a5,2f52 <__sfp+0x1a>
    2f4e:	8526                	mv	a0,s1
    2f50:	3749                	jal	2ed2 <__sinit>
    2f52:	04848493          	addi	s1,s1,72
    2f56:	4480                	lw	s0,8(s1)
    2f58:	40dc                	lw	a5,4(s1)
    2f5a:	17fd                	addi	a5,a5,-1
    2f5c:	0007d663          	bgez	a5,2f68 <__sfp+0x30>
    2f60:	409c                	lw	a5,0(s1)
    2f62:	cfb9                	beqz	a5,2fc0 <__sfp+0x88>
    2f64:	4084                	lw	s1,0(s1)
    2f66:	bfc5                	j	2f56 <__sfp+0x1e>
    2f68:	00c41703          	lh	a4,12(s0)
    2f6c:	e739                	bnez	a4,2fba <__sfp+0x82>
    2f6e:	77c1                	lui	a5,0xffff0
    2f70:	0785                	addi	a5,a5,1
    2f72:	06042223          	sw	zero,100(s0)
    2f76:	00042023          	sw	zero,0(s0)
    2f7a:	00042223          	sw	zero,4(s0)
    2f7e:	00042423          	sw	zero,8(s0)
    2f82:	c45c                	sw	a5,12(s0)
    2f84:	00042823          	sw	zero,16(s0)
    2f88:	00042a23          	sw	zero,20(s0)
    2f8c:	00042c23          	sw	zero,24(s0)
    2f90:	4621                	li	a2,8
    2f92:	4581                	li	a1,0
    2f94:	05c40513          	addi	a0,s0,92
    2f98:	cb6fd0ef          	jal	ra,44e <memset>
    2f9c:	02042a23          	sw	zero,52(s0)
    2fa0:	02042c23          	sw	zero,56(s0)
    2fa4:	04042423          	sw	zero,72(s0)
    2fa8:	04042623          	sw	zero,76(s0)
    2fac:	8522                	mv	a0,s0
    2fae:	40b2                	lw	ra,12(sp)
    2fb0:	4422                	lw	s0,8(sp)
    2fb2:	4492                	lw	s1,4(sp)
    2fb4:	4902                	lw	s2,0(sp)
    2fb6:	0141                	addi	sp,sp,16
    2fb8:	8082                	ret
    2fba:	06840413          	addi	s0,s0,104
    2fbe:	bf71                	j	2f5a <__sfp+0x22>
    2fc0:	4591                	li	a1,4
    2fc2:	854a                	mv	a0,s2
    2fc4:	35e1                	jal	2e8c <__sfmoreglue>
    2fc6:	c088                	sw	a0,0(s1)
    2fc8:	fd51                	bnez	a0,2f64 <__sfp+0x2c>
    2fca:	47b1                	li	a5,12
    2fcc:	00f92023          	sw	a5,0(s2)
    2fd0:	4401                	li	s0,0
    2fd2:	bfe9                	j	2fac <__sfp+0x74>

00002fd4 <_fwalk_reent>:
    2fd4:	7179                	addi	sp,sp,-48
    2fd6:	d422                	sw	s0,40(sp)
    2fd8:	d04a                	sw	s2,32(sp)
    2fda:	cc52                	sw	s4,24(sp)
    2fdc:	ca56                	sw	s5,20(sp)
    2fde:	c85a                	sw	s6,16(sp)
    2fe0:	c65e                	sw	s7,12(sp)
    2fe2:	d606                	sw	ra,44(sp)
    2fe4:	d226                	sw	s1,36(sp)
    2fe6:	ce4e                	sw	s3,28(sp)
    2fe8:	8a2a                	mv	s4,a0
    2fea:	8aae                	mv	s5,a1
    2fec:	04850413          	addi	s0,a0,72
    2ff0:	4901                	li	s2,0
    2ff2:	4b05                	li	s6,1
    2ff4:	5bfd                	li	s7,-1
    2ff6:	ec09                	bnez	s0,3010 <_fwalk_reent+0x3c>
    2ff8:	50b2                	lw	ra,44(sp)
    2ffa:	5422                	lw	s0,40(sp)
    2ffc:	854a                	mv	a0,s2
    2ffe:	5492                	lw	s1,36(sp)
    3000:	5902                	lw	s2,32(sp)
    3002:	49f2                	lw	s3,28(sp)
    3004:	4a62                	lw	s4,24(sp)
    3006:	4ad2                	lw	s5,20(sp)
    3008:	4b42                	lw	s6,16(sp)
    300a:	4bb2                	lw	s7,12(sp)
    300c:	6145                	addi	sp,sp,48
    300e:	8082                	ret
    3010:	4404                	lw	s1,8(s0)
    3012:	00442983          	lw	s3,4(s0)
    3016:	19fd                	addi	s3,s3,-1
    3018:	0009d463          	bgez	s3,3020 <_fwalk_reent+0x4c>
    301c:	4000                	lw	s0,0(s0)
    301e:	bfe1                	j	2ff6 <_fwalk_reent+0x22>
    3020:	24de                	lhu	a5,12(s1)
    3022:	00fb7b63          	bgeu	s6,a5,3038 <_fwalk_reent+0x64>
    3026:	00e49783          	lh	a5,14(s1)
    302a:	01778763          	beq	a5,s7,3038 <_fwalk_reent+0x64>
    302e:	85a6                	mv	a1,s1
    3030:	8552                	mv	a0,s4
    3032:	9a82                	jalr	s5
    3034:	00a96933          	or	s2,s2,a0
    3038:	06848493          	addi	s1,s1,104
    303c:	bfe9                	j	3016 <_fwalk_reent+0x42>

0000303e <__swhatbuf_r>:
    303e:	7119                	addi	sp,sp,-128
    3040:	daa6                	sw	s1,116(sp)
    3042:	84ae                	mv	s1,a1
    3044:	00e59583          	lh	a1,14(a1)
    3048:	dca2                	sw	s0,120(sp)
    304a:	de86                	sw	ra,124(sp)
    304c:	8432                	mv	s0,a2
    304e:	0005db63          	bgez	a1,3064 <__swhatbuf_r+0x26>
    3052:	24de                	lhu	a5,12(s1)
    3054:	0006a023          	sw	zero,0(a3)
    3058:	0807f793          	andi	a5,a5,128
    305c:	e785                	bnez	a5,3084 <__swhatbuf_r+0x46>
    305e:	40000793          	li	a5,1024
    3062:	a01d                	j	3088 <__swhatbuf_r+0x4a>
    3064:	0830                	addi	a2,sp,24
    3066:	c636                	sw	a3,12(sp)
    3068:	231000ef          	jal	ra,3a98 <_fstat_r>
    306c:	46b2                	lw	a3,12(sp)
    306e:	fe0542e3          	bltz	a0,3052 <__swhatbuf_r+0x14>
    3072:	4772                	lw	a4,28(sp)
    3074:	67bd                	lui	a5,0xf
    3076:	8ff9                	and	a5,a5,a4
    3078:	7779                	lui	a4,0xffffe
    307a:	97ba                	add	a5,a5,a4
    307c:	0017b793          	seqz	a5,a5
    3080:	c29c                	sw	a5,0(a3)
    3082:	bff1                	j	305e <__swhatbuf_r+0x20>
    3084:	04000793          	li	a5,64
    3088:	c01c                	sw	a5,0(s0)
    308a:	50f6                	lw	ra,124(sp)
    308c:	5466                	lw	s0,120(sp)
    308e:	54d6                	lw	s1,116(sp)
    3090:	4501                	li	a0,0
    3092:	6109                	addi	sp,sp,128
    3094:	8082                	ret

00003096 <__smakebuf_r>:
    3096:	25de                	lhu	a5,12(a1)
    3098:	1101                	addi	sp,sp,-32
    309a:	cc22                	sw	s0,24(sp)
    309c:	ce06                	sw	ra,28(sp)
    309e:	ca26                	sw	s1,20(sp)
    30a0:	c84a                	sw	s2,16(sp)
    30a2:	8b89                	andi	a5,a5,2
    30a4:	842e                	mv	s0,a1
    30a6:	cf89                	beqz	a5,30c0 <__smakebuf_r+0x2a>
    30a8:	04740793          	addi	a5,s0,71
    30ac:	c01c                	sw	a5,0(s0)
    30ae:	c81c                	sw	a5,16(s0)
    30b0:	4785                	li	a5,1
    30b2:	c85c                	sw	a5,20(s0)
    30b4:	40f2                	lw	ra,28(sp)
    30b6:	4462                	lw	s0,24(sp)
    30b8:	44d2                	lw	s1,20(sp)
    30ba:	4942                	lw	s2,16(sp)
    30bc:	6105                	addi	sp,sp,32
    30be:	8082                	ret
    30c0:	0074                	addi	a3,sp,12
    30c2:	0030                	addi	a2,sp,8
    30c4:	84aa                	mv	s1,a0
    30c6:	3fa5                	jal	303e <__swhatbuf_r>
    30c8:	45a2                	lw	a1,8(sp)
    30ca:	892a                	mv	s2,a0
    30cc:	8526                	mv	a0,s1
    30ce:	2221                	jal	31d6 <_malloc_r>
    30d0:	e919                	bnez	a0,30e6 <__smakebuf_r+0x50>
    30d2:	00c41783          	lh	a5,12(s0)
    30d6:	2007f713          	andi	a4,a5,512
    30da:	ff69                	bnez	a4,30b4 <__smakebuf_r+0x1e>
    30dc:	9bf1                	andi	a5,a5,-4
    30de:	0027e793          	ori	a5,a5,2
    30e2:	a45e                	sh	a5,12(s0)
    30e4:	b7d1                	j	30a8 <__smakebuf_r+0x12>
    30e6:	00000797          	auipc	a5,0x0
    30ea:	d9c78793          	addi	a5,a5,-612 # 2e82 <_cleanup_r>
    30ee:	d49c                	sw	a5,40(s1)
    30f0:	245e                	lhu	a5,12(s0)
    30f2:	c008                	sw	a0,0(s0)
    30f4:	c808                	sw	a0,16(s0)
    30f6:	0807e793          	ori	a5,a5,128
    30fa:	a45e                	sh	a5,12(s0)
    30fc:	47a2                	lw	a5,8(sp)
    30fe:	c85c                	sw	a5,20(s0)
    3100:	47b2                	lw	a5,12(sp)
    3102:	cf81                	beqz	a5,311a <__smakebuf_r+0x84>
    3104:	00e41583          	lh	a1,14(s0)
    3108:	8526                	mv	a0,s1
    310a:	1c1000ef          	jal	ra,3aca <_isatty_r>
    310e:	c511                	beqz	a0,311a <__smakebuf_r+0x84>
    3110:	245e                	lhu	a5,12(s0)
    3112:	9bf1                	andi	a5,a5,-4
    3114:	0017e793          	ori	a5,a5,1
    3118:	a45e                	sh	a5,12(s0)
    311a:	245e                	lhu	a5,12(s0)
    311c:	00f96933          	or	s2,s2,a5
    3120:	01241623          	sh	s2,12(s0)
    3124:	bf41                	j	30b4 <__smakebuf_r+0x1e>

00003126 <_free_r>:
    3126:	c5dd                	beqz	a1,31d4 <_free_r+0xae>
    3128:	ffc5a783          	lw	a5,-4(a1)
    312c:	1141                	addi	sp,sp,-16
    312e:	c422                	sw	s0,8(sp)
    3130:	c606                	sw	ra,12(sp)
    3132:	c226                	sw	s1,4(sp)
    3134:	ffc58413          	addi	s0,a1,-4
    3138:	0007d363          	bgez	a5,313e <_free_r+0x18>
    313c:	943e                	add	s0,s0,a5
    313e:	84aa                	mv	s1,a0
    3140:	207000ef          	jal	ra,3b46 <__malloc_lock>
    3144:	1fffd797          	auipc	a5,0x1fffd
    3148:	ff878793          	addi	a5,a5,-8 # 2000013c <__malloc_free_list>
    314c:	439c                	lw	a5,0(a5)
    314e:	ef91                	bnez	a5,316a <_free_r+0x44>
    3150:	00042223          	sw	zero,4(s0)
    3154:	1fffd797          	auipc	a5,0x1fffd
    3158:	fe87a423          	sw	s0,-24(a5) # 2000013c <__malloc_free_list>
    315c:	4422                	lw	s0,8(sp)
    315e:	40b2                	lw	ra,12(sp)
    3160:	8526                	mv	a0,s1
    3162:	4492                	lw	s1,4(sp)
    3164:	0141                	addi	sp,sp,16
    3166:	1e30006f          	j	3b48 <__malloc_unlock>
    316a:	00f47e63          	bgeu	s0,a5,3186 <_free_r+0x60>
    316e:	4014                	lw	a3,0(s0)
    3170:	00d40733          	add	a4,s0,a3
    3174:	00e79663          	bne	a5,a4,3180 <_free_r+0x5a>
    3178:	4398                	lw	a4,0(a5)
    317a:	43dc                	lw	a5,4(a5)
    317c:	9736                	add	a4,a4,a3
    317e:	c018                	sw	a4,0(s0)
    3180:	c05c                	sw	a5,4(s0)
    3182:	bfc9                	j	3154 <_free_r+0x2e>
    3184:	87ba                	mv	a5,a4
    3186:	43d8                	lw	a4,4(a5)
    3188:	c319                	beqz	a4,318e <_free_r+0x68>
    318a:	fee47de3          	bgeu	s0,a4,3184 <_free_r+0x5e>
    318e:	4394                	lw	a3,0(a5)
    3190:	00d78633          	add	a2,a5,a3
    3194:	00861f63          	bne	a2,s0,31b2 <_free_r+0x8c>
    3198:	4010                	lw	a2,0(s0)
    319a:	96b2                	add	a3,a3,a2
    319c:	c394                	sw	a3,0(a5)
    319e:	00d78633          	add	a2,a5,a3
    31a2:	fac71de3          	bne	a4,a2,315c <_free_r+0x36>
    31a6:	4310                	lw	a2,0(a4)
    31a8:	4358                	lw	a4,4(a4)
    31aa:	96b2                	add	a3,a3,a2
    31ac:	c394                	sw	a3,0(a5)
    31ae:	c3d8                	sw	a4,4(a5)
    31b0:	b775                	j	315c <_free_r+0x36>
    31b2:	00c47563          	bgeu	s0,a2,31bc <_free_r+0x96>
    31b6:	47b1                	li	a5,12
    31b8:	c09c                	sw	a5,0(s1)
    31ba:	b74d                	j	315c <_free_r+0x36>
    31bc:	4010                	lw	a2,0(s0)
    31be:	00c406b3          	add	a3,s0,a2
    31c2:	00d71663          	bne	a4,a3,31ce <_free_r+0xa8>
    31c6:	4314                	lw	a3,0(a4)
    31c8:	4358                	lw	a4,4(a4)
    31ca:	96b2                	add	a3,a3,a2
    31cc:	c014                	sw	a3,0(s0)
    31ce:	c058                	sw	a4,4(s0)
    31d0:	c3c0                	sw	s0,4(a5)
    31d2:	b769                	j	315c <_free_r+0x36>
    31d4:	8082                	ret

000031d6 <_malloc_r>:
    31d6:	1101                	addi	sp,sp,-32
    31d8:	ca26                	sw	s1,20(sp)
    31da:	00358493          	addi	s1,a1,3
    31de:	98f1                	andi	s1,s1,-4
    31e0:	ce06                	sw	ra,28(sp)
    31e2:	cc22                	sw	s0,24(sp)
    31e4:	c84a                	sw	s2,16(sp)
    31e6:	c64e                	sw	s3,12(sp)
    31e8:	04a1                	addi	s1,s1,8
    31ea:	47b1                	li	a5,12
    31ec:	04f4f963          	bgeu	s1,a5,323e <_malloc_r+0x68>
    31f0:	44b1                	li	s1,12
    31f2:	04b4e863          	bltu	s1,a1,3242 <_malloc_r+0x6c>
    31f6:	892a                	mv	s2,a0
    31f8:	14f000ef          	jal	ra,3b46 <__malloc_lock>
    31fc:	1fffd797          	auipc	a5,0x1fffd
    3200:	f4078793          	addi	a5,a5,-192 # 2000013c <__malloc_free_list>
    3204:	4398                	lw	a4,0(a5)
    3206:	843a                	mv	s0,a4
    3208:	e439                	bnez	s0,3256 <_malloc_r+0x80>
    320a:	1fffd797          	auipc	a5,0x1fffd
    320e:	f3678793          	addi	a5,a5,-202 # 20000140 <__malloc_sbrk_start>
    3212:	439c                	lw	a5,0(a5)
    3214:	eb81                	bnez	a5,3224 <_malloc_r+0x4e>
    3216:	4581                	li	a1,0
    3218:	854a                	mv	a0,s2
    321a:	2f35                	jal	3956 <_sbrk_r>
    321c:	1fffd797          	auipc	a5,0x1fffd
    3220:	f2a7a223          	sw	a0,-220(a5) # 20000140 <__malloc_sbrk_start>
    3224:	85a6                	mv	a1,s1
    3226:	854a                	mv	a0,s2
    3228:	273d                	jal	3956 <_sbrk_r>
    322a:	59fd                	li	s3,-1
    322c:	07351b63          	bne	a0,s3,32a2 <_malloc_r+0xcc>
    3230:	47b1                	li	a5,12
    3232:	00f92023          	sw	a5,0(s2)
    3236:	854a                	mv	a0,s2
    3238:	111000ef          	jal	ra,3b48 <__malloc_unlock>
    323c:	a029                	j	3246 <_malloc_r+0x70>
    323e:	fa04dae3          	bgez	s1,31f2 <_malloc_r+0x1c>
    3242:	47b1                	li	a5,12
    3244:	c11c                	sw	a5,0(a0)
    3246:	4501                	li	a0,0
    3248:	40f2                	lw	ra,28(sp)
    324a:	4462                	lw	s0,24(sp)
    324c:	44d2                	lw	s1,20(sp)
    324e:	4942                	lw	s2,16(sp)
    3250:	49b2                	lw	s3,12(sp)
    3252:	6105                	addi	sp,sp,32
    3254:	8082                	ret
    3256:	401c                	lw	a5,0(s0)
    3258:	8f85                	sub	a5,a5,s1
    325a:	0407c163          	bltz	a5,329c <_malloc_r+0xc6>
    325e:	46ad                	li	a3,11
    3260:	00f6f663          	bgeu	a3,a5,326c <_malloc_r+0x96>
    3264:	c01c                	sw	a5,0(s0)
    3266:	943e                	add	s0,s0,a5
    3268:	c004                	sw	s1,0(s0)
    326a:	a801                	j	327a <_malloc_r+0xa4>
    326c:	405c                	lw	a5,4(s0)
    326e:	02871563          	bne	a4,s0,3298 <_malloc_r+0xc2>
    3272:	1fffd717          	auipc	a4,0x1fffd
    3276:	ecf72523          	sw	a5,-310(a4) # 2000013c <__malloc_free_list>
    327a:	854a                	mv	a0,s2
    327c:	0cd000ef          	jal	ra,3b48 <__malloc_unlock>
    3280:	00b40513          	addi	a0,s0,11
    3284:	00440793          	addi	a5,s0,4
    3288:	9961                	andi	a0,a0,-8
    328a:	40f50733          	sub	a4,a0,a5
    328e:	df4d                	beqz	a4,3248 <_malloc_r+0x72>
    3290:	943a                	add	s0,s0,a4
    3292:	8f89                	sub	a5,a5,a0
    3294:	c01c                	sw	a5,0(s0)
    3296:	bf4d                	j	3248 <_malloc_r+0x72>
    3298:	c35c                	sw	a5,4(a4)
    329a:	b7c5                	j	327a <_malloc_r+0xa4>
    329c:	8722                	mv	a4,s0
    329e:	4040                	lw	s0,4(s0)
    32a0:	b7a5                	j	3208 <_malloc_r+0x32>
    32a2:	00350413          	addi	s0,a0,3
    32a6:	9871                	andi	s0,s0,-4
    32a8:	fc8500e3          	beq	a0,s0,3268 <_malloc_r+0x92>
    32ac:	40a405b3          	sub	a1,s0,a0
    32b0:	854a                	mv	a0,s2
    32b2:	2555                	jal	3956 <_sbrk_r>
    32b4:	fb351ae3          	bne	a0,s3,3268 <_malloc_r+0x92>
    32b8:	bfa5                	j	3230 <_malloc_r+0x5a>

000032ba <__sfputc_r>:
    32ba:	461c                	lw	a5,8(a2)
    32bc:	17fd                	addi	a5,a5,-1
    32be:	c61c                	sw	a5,8(a2)
    32c0:	0007da63          	bgez	a5,32d4 <__sfputc_r+0x1a>
    32c4:	4e18                	lw	a4,24(a2)
    32c6:	00e7c563          	blt	a5,a4,32d0 <__sfputc_r+0x16>
    32ca:	47a9                	li	a5,10
    32cc:	00f59463          	bne	a1,a5,32d4 <__sfputc_r+0x1a>
    32d0:	801ff06f          	j	2ad0 <__swbuf_r>
    32d4:	421c                	lw	a5,0(a2)
    32d6:	852e                	mv	a0,a1
    32d8:	00178713          	addi	a4,a5,1
    32dc:	c218                	sw	a4,0(a2)
    32de:	a38c                	sb	a1,0(a5)
    32e0:	8082                	ret

000032e2 <__sfputs_r>:
    32e2:	1101                	addi	sp,sp,-32
    32e4:	cc22                	sw	s0,24(sp)
    32e6:	ca26                	sw	s1,20(sp)
    32e8:	c84a                	sw	s2,16(sp)
    32ea:	c64e                	sw	s3,12(sp)
    32ec:	c452                	sw	s4,8(sp)
    32ee:	ce06                	sw	ra,28(sp)
    32f0:	892a                	mv	s2,a0
    32f2:	89ae                	mv	s3,a1
    32f4:	8432                	mv	s0,a2
    32f6:	00d604b3          	add	s1,a2,a3
    32fa:	5a7d                	li	s4,-1
    32fc:	00941463          	bne	s0,s1,3304 <__sfputs_r+0x22>
    3300:	4501                	li	a0,0
    3302:	a801                	j	3312 <__sfputs_r+0x30>
    3304:	200c                	lbu	a1,0(s0)
    3306:	864e                	mv	a2,s3
    3308:	854a                	mv	a0,s2
    330a:	3f45                	jal	32ba <__sfputc_r>
    330c:	0405                	addi	s0,s0,1
    330e:	ff4517e3          	bne	a0,s4,32fc <__sfputs_r+0x1a>
    3312:	40f2                	lw	ra,28(sp)
    3314:	4462                	lw	s0,24(sp)
    3316:	44d2                	lw	s1,20(sp)
    3318:	4942                	lw	s2,16(sp)
    331a:	49b2                	lw	s3,12(sp)
    331c:	4a22                	lw	s4,8(sp)
    331e:	6105                	addi	sp,sp,32
    3320:	8082                	ret

00003322 <_vfiprintf_r>:
    3322:	7135                	addi	sp,sp,-160
    3324:	cd22                	sw	s0,152(sp)
    3326:	cb26                	sw	s1,148(sp)
    3328:	c94a                	sw	s2,144(sp)
    332a:	c74e                	sw	s3,140(sp)
    332c:	cf06                	sw	ra,156(sp)
    332e:	c552                	sw	s4,136(sp)
    3330:	c356                	sw	s5,132(sp)
    3332:	c15a                	sw	s6,128(sp)
    3334:	dede                	sw	s7,124(sp)
    3336:	dce2                	sw	s8,120(sp)
    3338:	dae6                	sw	s9,116(sp)
    333a:	89aa                	mv	s3,a0
    333c:	84ae                	mv	s1,a1
    333e:	8932                	mv	s2,a2
    3340:	8436                	mv	s0,a3
    3342:	c509                	beqz	a0,334c <_vfiprintf_r+0x2a>
    3344:	4d1c                	lw	a5,24(a0)
    3346:	e399                	bnez	a5,334c <_vfiprintf_r+0x2a>
    3348:	b8bff0ef          	jal	ra,2ed2 <__sinit>
    334c:	00001797          	auipc	a5,0x1
    3350:	ba078793          	addi	a5,a5,-1120 # 3eec <__sf_fake_stdin>
    3354:	0cf49763          	bne	s1,a5,3422 <_vfiprintf_r+0x100>
    3358:	0049a483          	lw	s1,4(s3)
    335c:	24de                	lhu	a5,12(s1)
    335e:	8ba1                	andi	a5,a5,8
    3360:	c3fd                	beqz	a5,3446 <_vfiprintf_r+0x124>
    3362:	489c                	lw	a5,16(s1)
    3364:	c3ed                	beqz	a5,3446 <_vfiprintf_r+0x124>
    3366:	02000793          	li	a5,32
    336a:	02f104a3          	sb	a5,41(sp)
    336e:	03000793          	li	a5,48
    3372:	d202                	sw	zero,36(sp)
    3374:	02f10523          	sb	a5,42(sp)
    3378:	c622                	sw	s0,12(sp)
    337a:	02500b93          	li	s7,37
    337e:	00001a97          	auipc	s5,0x1
    3382:	baea8a93          	addi	s5,s5,-1106 # 3f2c <__sf_fake_stdout+0x20>
    3386:	4c05                	li	s8,1
    3388:	4b29                	li	s6,10
    338a:	844a                	mv	s0,s2
    338c:	201c                	lbu	a5,0(s0)
    338e:	c399                	beqz	a5,3394 <_vfiprintf_r+0x72>
    3390:	0d779e63          	bne	a5,s7,346c <_vfiprintf_r+0x14a>
    3394:	41240cb3          	sub	s9,s0,s2
    3398:	000c8d63          	beqz	s9,33b2 <_vfiprintf_r+0x90>
    339c:	86e6                	mv	a3,s9
    339e:	864a                	mv	a2,s2
    33a0:	85a6                	mv	a1,s1
    33a2:	854e                	mv	a0,s3
    33a4:	3f3d                	jal	32e2 <__sfputs_r>
    33a6:	57fd                	li	a5,-1
    33a8:	1cf50f63          	beq	a0,a5,3586 <_vfiprintf_r+0x264>
    33ac:	5692                	lw	a3,36(sp)
    33ae:	96e6                	add	a3,a3,s9
    33b0:	d236                	sw	a3,36(sp)
    33b2:	201c                	lbu	a5,0(s0)
    33b4:	1c078963          	beqz	a5,3586 <_vfiprintf_r+0x264>
    33b8:	57fd                	li	a5,-1
    33ba:	00140913          	addi	s2,s0,1
    33be:	c802                	sw	zero,16(sp)
    33c0:	ce02                	sw	zero,28(sp)
    33c2:	ca3e                	sw	a5,20(sp)
    33c4:	cc02                	sw	zero,24(sp)
    33c6:	040109a3          	sb	zero,83(sp)
    33ca:	d482                	sw	zero,104(sp)
    33cc:	00094583          	lbu	a1,0(s2)
    33d0:	4615                	li	a2,5
    33d2:	8556                	mv	a0,s5
    33d4:	2fa9                	jal	3b2e <memchr>
    33d6:	00190413          	addi	s0,s2,1
    33da:	47c2                	lw	a5,16(sp)
    33dc:	e951                	bnez	a0,3470 <_vfiprintf_r+0x14e>
    33de:	0107f713          	andi	a4,a5,16
    33e2:	c709                	beqz	a4,33ec <_vfiprintf_r+0xca>
    33e4:	02000713          	li	a4,32
    33e8:	04e109a3          	sb	a4,83(sp)
    33ec:	0087f713          	andi	a4,a5,8
    33f0:	c709                	beqz	a4,33fa <_vfiprintf_r+0xd8>
    33f2:	02b00713          	li	a4,43
    33f6:	04e109a3          	sb	a4,83(sp)
    33fa:	00094683          	lbu	a3,0(s2)
    33fe:	02a00713          	li	a4,42
    3402:	06e68f63          	beq	a3,a4,3480 <_vfiprintf_r+0x15e>
    3406:	47f2                	lw	a5,28(sp)
    3408:	844a                	mv	s0,s2
    340a:	4681                	li	a3,0
    340c:	4625                	li	a2,9
    340e:	2018                	lbu	a4,0(s0)
    3410:	00140593          	addi	a1,s0,1
    3414:	fd070713          	addi	a4,a4,-48
    3418:	0ae67763          	bgeu	a2,a4,34c6 <_vfiprintf_r+0x1a4>
    341c:	cab5                	beqz	a3,3490 <_vfiprintf_r+0x16e>
    341e:	ce3e                	sw	a5,28(sp)
    3420:	a885                	j	3490 <_vfiprintf_r+0x16e>
    3422:	00001797          	auipc	a5,0x1
    3426:	aea78793          	addi	a5,a5,-1302 # 3f0c <__sf_fake_stdout>
    342a:	00f49563          	bne	s1,a5,3434 <_vfiprintf_r+0x112>
    342e:	0089a483          	lw	s1,8(s3)
    3432:	b72d                	j	335c <_vfiprintf_r+0x3a>
    3434:	00001797          	auipc	a5,0x1
    3438:	a9878793          	addi	a5,a5,-1384 # 3ecc <__sf_fake_stderr>
    343c:	f2f490e3          	bne	s1,a5,335c <_vfiprintf_r+0x3a>
    3440:	00c9a483          	lw	s1,12(s3)
    3444:	bf21                	j	335c <_vfiprintf_r+0x3a>
    3446:	85a6                	mv	a1,s1
    3448:	854e                	mv	a0,s3
    344a:	f42ff0ef          	jal	ra,2b8c <__swsetup_r>
    344e:	dd01                	beqz	a0,3366 <_vfiprintf_r+0x44>
    3450:	557d                	li	a0,-1
    3452:	40fa                	lw	ra,156(sp)
    3454:	446a                	lw	s0,152(sp)
    3456:	44da                	lw	s1,148(sp)
    3458:	494a                	lw	s2,144(sp)
    345a:	49ba                	lw	s3,140(sp)
    345c:	4a2a                	lw	s4,136(sp)
    345e:	4a9a                	lw	s5,132(sp)
    3460:	4b0a                	lw	s6,128(sp)
    3462:	5bf6                	lw	s7,124(sp)
    3464:	5c66                	lw	s8,120(sp)
    3466:	5cd6                	lw	s9,116(sp)
    3468:	610d                	addi	sp,sp,160
    346a:	8082                	ret
    346c:	0405                	addi	s0,s0,1
    346e:	bf39                	j	338c <_vfiprintf_r+0x6a>
    3470:	41550533          	sub	a0,a0,s5
    3474:	00ac1533          	sll	a0,s8,a0
    3478:	8fc9                	or	a5,a5,a0
    347a:	c83e                	sw	a5,16(sp)
    347c:	8922                	mv	s2,s0
    347e:	b7b9                	j	33cc <_vfiprintf_r+0xaa>
    3480:	4732                	lw	a4,12(sp)
    3482:	00470693          	addi	a3,a4,4
    3486:	4318                	lw	a4,0(a4)
    3488:	c636                	sw	a3,12(sp)
    348a:	02074763          	bltz	a4,34b8 <_vfiprintf_r+0x196>
    348e:	ce3a                	sw	a4,28(sp)
    3490:	2018                	lbu	a4,0(s0)
    3492:	02e00793          	li	a5,46
    3496:	04f71d63          	bne	a4,a5,34f0 <_vfiprintf_r+0x1ce>
    349a:	3018                	lbu	a4,1(s0)
    349c:	02a00793          	li	a5,42
    34a0:	02f71b63          	bne	a4,a5,34d6 <_vfiprintf_r+0x1b4>
    34a4:	47b2                	lw	a5,12(sp)
    34a6:	0409                	addi	s0,s0,2
    34a8:	00478713          	addi	a4,a5,4
    34ac:	439c                	lw	a5,0(a5)
    34ae:	c63a                	sw	a4,12(sp)
    34b0:	0207c163          	bltz	a5,34d2 <_vfiprintf_r+0x1b0>
    34b4:	ca3e                	sw	a5,20(sp)
    34b6:	a82d                	j	34f0 <_vfiprintf_r+0x1ce>
    34b8:	40e00733          	neg	a4,a4
    34bc:	0027e793          	ori	a5,a5,2
    34c0:	ce3a                	sw	a4,28(sp)
    34c2:	c83e                	sw	a5,16(sp)
    34c4:	b7f1                	j	3490 <_vfiprintf_r+0x16e>
    34c6:	036787b3          	mul	a5,a5,s6
    34ca:	4685                	li	a3,1
    34cc:	842e                	mv	s0,a1
    34ce:	97ba                	add	a5,a5,a4
    34d0:	bf3d                	j	340e <_vfiprintf_r+0xec>
    34d2:	57fd                	li	a5,-1
    34d4:	b7c5                	j	34b4 <_vfiprintf_r+0x192>
    34d6:	0405                	addi	s0,s0,1
    34d8:	ca02                	sw	zero,20(sp)
    34da:	4681                	li	a3,0
    34dc:	4781                	li	a5,0
    34de:	4625                	li	a2,9
    34e0:	2018                	lbu	a4,0(s0)
    34e2:	00140593          	addi	a1,s0,1
    34e6:	fd070713          	addi	a4,a4,-48
    34ea:	06e67463          	bgeu	a2,a4,3552 <_vfiprintf_r+0x230>
    34ee:	f2f9                	bnez	a3,34b4 <_vfiprintf_r+0x192>
    34f0:	200c                	lbu	a1,0(s0)
    34f2:	460d                	li	a2,3
    34f4:	00001517          	auipc	a0,0x1
    34f8:	a4050513          	addi	a0,a0,-1472 # 3f34 <__sf_fake_stdout+0x28>
    34fc:	2d0d                	jal	3b2e <memchr>
    34fe:	cd11                	beqz	a0,351a <_vfiprintf_r+0x1f8>
    3500:	00001797          	auipc	a5,0x1
    3504:	a3478793          	addi	a5,a5,-1484 # 3f34 <__sf_fake_stdout+0x28>
    3508:	8d1d                	sub	a0,a0,a5
    350a:	04000793          	li	a5,64
    350e:	00a797b3          	sll	a5,a5,a0
    3512:	4542                	lw	a0,16(sp)
    3514:	0405                	addi	s0,s0,1
    3516:	8d5d                	or	a0,a0,a5
    3518:	c82a                	sw	a0,16(sp)
    351a:	200c                	lbu	a1,0(s0)
    351c:	4619                	li	a2,6
    351e:	00001517          	auipc	a0,0x1
    3522:	a1a50513          	addi	a0,a0,-1510 # 3f38 <__sf_fake_stdout+0x2c>
    3526:	00140913          	addi	s2,s0,1
    352a:	02b10423          	sb	a1,40(sp)
    352e:	2501                	jal	3b2e <memchr>
    3530:	c135                	beqz	a0,3594 <_vfiprintf_r+0x272>
    3532:	ffffd797          	auipc	a5,0xffffd
    3536:	ace78793          	addi	a5,a5,-1330 # 0 <_sinit>
    353a:	e795                	bnez	a5,3566 <_vfiprintf_r+0x244>
    353c:	4742                	lw	a4,16(sp)
    353e:	47b2                	lw	a5,12(sp)
    3540:	10077713          	andi	a4,a4,256
    3544:	cf09                	beqz	a4,355e <_vfiprintf_r+0x23c>
    3546:	0791                	addi	a5,a5,4
    3548:	c63e                	sw	a5,12(sp)
    354a:	5792                	lw	a5,36(sp)
    354c:	97d2                	add	a5,a5,s4
    354e:	d23e                	sw	a5,36(sp)
    3550:	bd2d                	j	338a <_vfiprintf_r+0x68>
    3552:	036787b3          	mul	a5,a5,s6
    3556:	4685                	li	a3,1
    3558:	842e                	mv	s0,a1
    355a:	97ba                	add	a5,a5,a4
    355c:	b751                	j	34e0 <_vfiprintf_r+0x1be>
    355e:	079d                	addi	a5,a5,7
    3560:	9be1                	andi	a5,a5,-8
    3562:	07a1                	addi	a5,a5,8
    3564:	b7d5                	j	3548 <_vfiprintf_r+0x226>
    3566:	0078                	addi	a4,sp,12
    3568:	00000697          	auipc	a3,0x0
    356c:	d7a68693          	addi	a3,a3,-646 # 32e2 <__sfputs_r>
    3570:	8626                	mv	a2,s1
    3572:	080c                	addi	a1,sp,16
    3574:	854e                	mv	a0,s3
    3576:	00000097          	auipc	ra,0x0
    357a:	000000e7          	jalr	zero # 0 <_sinit>
    357e:	57fd                	li	a5,-1
    3580:	8a2a                	mv	s4,a0
    3582:	fcf514e3          	bne	a0,a5,354a <_vfiprintf_r+0x228>
    3586:	24de                	lhu	a5,12(s1)
    3588:	0407f793          	andi	a5,a5,64
    358c:	ec0792e3          	bnez	a5,3450 <_vfiprintf_r+0x12e>
    3590:	5512                	lw	a0,36(sp)
    3592:	b5c1                	j	3452 <_vfiprintf_r+0x130>
    3594:	0078                	addi	a4,sp,12
    3596:	00000697          	auipc	a3,0x0
    359a:	d4c68693          	addi	a3,a3,-692 # 32e2 <__sfputs_r>
    359e:	8626                	mv	a2,s1
    35a0:	080c                	addi	a1,sp,16
    35a2:	854e                	mv	a0,s3
    35a4:	2a01                	jal	36b4 <_printf_i>
    35a6:	bfe1                	j	357e <_vfiprintf_r+0x25c>

000035a8 <_printf_common>:
    35a8:	7179                	addi	sp,sp,-48
    35aa:	ca56                	sw	s5,20(sp)
    35ac:	499c                	lw	a5,16(a1)
    35ae:	8aba                	mv	s5,a4
    35b0:	4598                	lw	a4,8(a1)
    35b2:	d422                	sw	s0,40(sp)
    35b4:	d226                	sw	s1,36(sp)
    35b6:	ce4e                	sw	s3,28(sp)
    35b8:	cc52                	sw	s4,24(sp)
    35ba:	d606                	sw	ra,44(sp)
    35bc:	d04a                	sw	s2,32(sp)
    35be:	c85a                	sw	s6,16(sp)
    35c0:	c65e                	sw	s7,12(sp)
    35c2:	89aa                	mv	s3,a0
    35c4:	842e                	mv	s0,a1
    35c6:	84b2                	mv	s1,a2
    35c8:	8a36                	mv	s4,a3
    35ca:	00e7d363          	bge	a5,a4,35d0 <_printf_common+0x28>
    35ce:	87ba                	mv	a5,a4
    35d0:	c09c                	sw	a5,0(s1)
    35d2:	04344703          	lbu	a4,67(s0)
    35d6:	c319                	beqz	a4,35dc <_printf_common+0x34>
    35d8:	0785                	addi	a5,a5,1
    35da:	c09c                	sw	a5,0(s1)
    35dc:	401c                	lw	a5,0(s0)
    35de:	0207f793          	andi	a5,a5,32
    35e2:	c781                	beqz	a5,35ea <_printf_common+0x42>
    35e4:	409c                	lw	a5,0(s1)
    35e6:	0789                	addi	a5,a5,2
    35e8:	c09c                	sw	a5,0(s1)
    35ea:	00042903          	lw	s2,0(s0)
    35ee:	00697913          	andi	s2,s2,6
    35f2:	00091a63          	bnez	s2,3606 <_printf_common+0x5e>
    35f6:	01940b13          	addi	s6,s0,25
    35fa:	5bfd                	li	s7,-1
    35fc:	445c                	lw	a5,12(s0)
    35fe:	4098                	lw	a4,0(s1)
    3600:	8f99                	sub	a5,a5,a4
    3602:	04f94c63          	blt	s2,a5,365a <_printf_common+0xb2>
    3606:	401c                	lw	a5,0(s0)
    3608:	04344683          	lbu	a3,67(s0)
    360c:	0207f793          	andi	a5,a5,32
    3610:	00d036b3          	snez	a3,a3
    3614:	eba5                	bnez	a5,3684 <_printf_common+0xdc>
    3616:	04340613          	addi	a2,s0,67
    361a:	85d2                	mv	a1,s4
    361c:	854e                	mv	a0,s3
    361e:	9a82                	jalr	s5
    3620:	57fd                	li	a5,-1
    3622:	04f50363          	beq	a0,a5,3668 <_printf_common+0xc0>
    3626:	401c                	lw	a5,0(s0)
    3628:	4611                	li	a2,4
    362a:	4098                	lw	a4,0(s1)
    362c:	8b99                	andi	a5,a5,6
    362e:	4454                	lw	a3,12(s0)
    3630:	4481                	li	s1,0
    3632:	00c79763          	bne	a5,a2,3640 <_printf_common+0x98>
    3636:	40e684b3          	sub	s1,a3,a4
    363a:	0004d363          	bgez	s1,3640 <_printf_common+0x98>
    363e:	4481                	li	s1,0
    3640:	441c                	lw	a5,8(s0)
    3642:	4818                	lw	a4,16(s0)
    3644:	00f75463          	bge	a4,a5,364c <_printf_common+0xa4>
    3648:	8f99                	sub	a5,a5,a4
    364a:	94be                	add	s1,s1,a5
    364c:	4901                	li	s2,0
    364e:	0469                	addi	s0,s0,26
    3650:	5b7d                	li	s6,-1
    3652:	05249863          	bne	s1,s2,36a2 <_printf_common+0xfa>
    3656:	4501                	li	a0,0
    3658:	a809                	j	366a <_printf_common+0xc2>
    365a:	4685                	li	a3,1
    365c:	865a                	mv	a2,s6
    365e:	85d2                	mv	a1,s4
    3660:	854e                	mv	a0,s3
    3662:	9a82                	jalr	s5
    3664:	01751e63          	bne	a0,s7,3680 <_printf_common+0xd8>
    3668:	557d                	li	a0,-1
    366a:	50b2                	lw	ra,44(sp)
    366c:	5422                	lw	s0,40(sp)
    366e:	5492                	lw	s1,36(sp)
    3670:	5902                	lw	s2,32(sp)
    3672:	49f2                	lw	s3,28(sp)
    3674:	4a62                	lw	s4,24(sp)
    3676:	4ad2                	lw	s5,20(sp)
    3678:	4b42                	lw	s6,16(sp)
    367a:	4bb2                	lw	s7,12(sp)
    367c:	6145                	addi	sp,sp,48
    367e:	8082                	ret
    3680:	0905                	addi	s2,s2,1
    3682:	bfad                	j	35fc <_printf_common+0x54>
    3684:	00d40733          	add	a4,s0,a3
    3688:	03000613          	li	a2,48
    368c:	04c701a3          	sb	a2,67(a4)
    3690:	04544703          	lbu	a4,69(s0)
    3694:	00168793          	addi	a5,a3,1
    3698:	97a2                	add	a5,a5,s0
    369a:	0689                	addi	a3,a3,2
    369c:	04e781a3          	sb	a4,67(a5)
    36a0:	bf9d                	j	3616 <_printf_common+0x6e>
    36a2:	4685                	li	a3,1
    36a4:	8622                	mv	a2,s0
    36a6:	85d2                	mv	a1,s4
    36a8:	854e                	mv	a0,s3
    36aa:	9a82                	jalr	s5
    36ac:	fb650ee3          	beq	a0,s6,3668 <_printf_common+0xc0>
    36b0:	0905                	addi	s2,s2,1
    36b2:	b745                	j	3652 <_printf_common+0xaa>

000036b4 <_printf_i>:
    36b4:	7179                	addi	sp,sp,-48
    36b6:	d422                	sw	s0,40(sp)
    36b8:	d226                	sw	s1,36(sp)
    36ba:	d04a                	sw	s2,32(sp)
    36bc:	ce4e                	sw	s3,28(sp)
    36be:	d606                	sw	ra,44(sp)
    36c0:	cc52                	sw	s4,24(sp)
    36c2:	ca56                	sw	s5,20(sp)
    36c4:	c85a                	sw	s6,16(sp)
    36c6:	89b6                	mv	s3,a3
    36c8:	2d94                	lbu	a3,24(a1)
    36ca:	06900793          	li	a5,105
    36ce:	8932                	mv	s2,a2
    36d0:	84aa                	mv	s1,a0
    36d2:	842e                	mv	s0,a1
    36d4:	04358613          	addi	a2,a1,67
    36d8:	02f68d63          	beq	a3,a5,3712 <_printf_i+0x5e>
    36dc:	06d7e263          	bltu	a5,a3,3740 <_printf_i+0x8c>
    36e0:	05800793          	li	a5,88
    36e4:	18f68663          	beq	a3,a5,3870 <_printf_i+0x1bc>
    36e8:	00d7ed63          	bltu	a5,a3,3702 <_printf_i+0x4e>
    36ec:	20068e63          	beqz	a3,3908 <_printf_i+0x254>
    36f0:	04300793          	li	a5,67
    36f4:	0af68e63          	beq	a3,a5,37b0 <_printf_i+0xfc>
    36f8:	04240a93          	addi	s5,s0,66
    36fc:	04d40123          	sb	a3,66(s0)
    3700:	a0c9                	j	37c2 <_printf_i+0x10e>
    3702:	06300793          	li	a5,99
    3706:	0af68563          	beq	a3,a5,37b0 <_printf_i+0xfc>
    370a:	06400793          	li	a5,100
    370e:	fef695e3          	bne	a3,a5,36f8 <_printf_i+0x44>
    3712:	401c                	lw	a5,0(s0)
    3714:	4308                	lw	a0,0(a4)
    3716:	0807f693          	andi	a3,a5,128
    371a:	00450593          	addi	a1,a0,4
    371e:	c6c5                	beqz	a3,37c6 <_printf_i+0x112>
    3720:	411c                	lw	a5,0(a0)
    3722:	c30c                	sw	a1,0(a4)
    3724:	0007d863          	bgez	a5,3734 <_printf_i+0x80>
    3728:	02d00713          	li	a4,45
    372c:	40f007b3          	neg	a5,a5
    3730:	04e401a3          	sb	a4,67(s0)
    3734:	00001697          	auipc	a3,0x1
    3738:	80c68693          	addi	a3,a3,-2036 # 3f40 <__sf_fake_stdout+0x34>
    373c:	4729                	li	a4,10
    373e:	a865                	j	37f6 <_printf_i+0x142>
    3740:	07000793          	li	a5,112
    3744:	16f68263          	beq	a3,a5,38a8 <_printf_i+0x1f4>
    3748:	02d7e563          	bltu	a5,a3,3772 <_printf_i+0xbe>
    374c:	06e00793          	li	a5,110
    3750:	18f68963          	beq	a3,a5,38e2 <_printf_i+0x22e>
    3754:	06f00793          	li	a5,111
    3758:	faf690e3          	bne	a3,a5,36f8 <_printf_i+0x44>
    375c:	400c                	lw	a1,0(s0)
    375e:	431c                	lw	a5,0(a4)
    3760:	0805f813          	andi	a6,a1,128
    3764:	00478513          	addi	a0,a5,4
    3768:	06080763          	beqz	a6,37d6 <_printf_i+0x122>
    376c:	c308                	sw	a0,0(a4)
    376e:	439c                	lw	a5,0(a5)
    3770:	a885                	j	37e0 <_printf_i+0x12c>
    3772:	07500793          	li	a5,117
    3776:	fef683e3          	beq	a3,a5,375c <_printf_i+0xa8>
    377a:	07800793          	li	a5,120
    377e:	12f68963          	beq	a3,a5,38b0 <_printf_i+0x1fc>
    3782:	07300793          	li	a5,115
    3786:	f6f699e3          	bne	a3,a5,36f8 <_printf_i+0x44>
    378a:	431c                	lw	a5,0(a4)
    378c:	41d0                	lw	a2,4(a1)
    378e:	4581                	li	a1,0
    3790:	00478693          	addi	a3,a5,4
    3794:	c314                	sw	a3,0(a4)
    3796:	0007aa83          	lw	s5,0(a5)
    379a:	8556                	mv	a0,s5
    379c:	2e49                	jal	3b2e <memchr>
    379e:	c501                	beqz	a0,37a6 <_printf_i+0xf2>
    37a0:	41550533          	sub	a0,a0,s5
    37a4:	c048                	sw	a0,4(s0)
    37a6:	405c                	lw	a5,4(s0)
    37a8:	c81c                	sw	a5,16(s0)
    37aa:	040401a3          	sb	zero,67(s0)
    37ae:	a861                	j	3846 <_printf_i+0x192>
    37b0:	431c                	lw	a5,0(a4)
    37b2:	04240a93          	addi	s5,s0,66
    37b6:	00478693          	addi	a3,a5,4
    37ba:	439c                	lw	a5,0(a5)
    37bc:	c314                	sw	a3,0(a4)
    37be:	04f40123          	sb	a5,66(s0)
    37c2:	4785                	li	a5,1
    37c4:	b7d5                	j	37a8 <_printf_i+0xf4>
    37c6:	0407f693          	andi	a3,a5,64
    37ca:	411c                	lw	a5,0(a0)
    37cc:	c30c                	sw	a1,0(a4)
    37ce:	dab9                	beqz	a3,3724 <_printf_i+0x70>
    37d0:	07c2                	slli	a5,a5,0x10
    37d2:	87c1                	srai	a5,a5,0x10
    37d4:	bf81                	j	3724 <_printf_i+0x70>
    37d6:	0405f593          	andi	a1,a1,64
    37da:	c308                	sw	a0,0(a4)
    37dc:	d9c9                	beqz	a1,376e <_printf_i+0xba>
    37de:	239e                	lhu	a5,0(a5)
    37e0:	06f00713          	li	a4,111
    37e4:	0ee68763          	beq	a3,a4,38d2 <_printf_i+0x21e>
    37e8:	00000697          	auipc	a3,0x0
    37ec:	75868693          	addi	a3,a3,1880 # 3f40 <__sf_fake_stdout+0x34>
    37f0:	4729                	li	a4,10
    37f2:	040401a3          	sb	zero,67(s0)
    37f6:	404c                	lw	a1,4(s0)
    37f8:	c40c                	sw	a1,8(s0)
    37fa:	0005c563          	bltz	a1,3804 <_printf_i+0x150>
    37fe:	4008                	lw	a0,0(s0)
    3800:	996d                	andi	a0,a0,-5
    3802:	c008                	sw	a0,0(s0)
    3804:	e399                	bnez	a5,380a <_printf_i+0x156>
    3806:	8ab2                	mv	s5,a2
    3808:	cd89                	beqz	a1,3822 <_printf_i+0x16e>
    380a:	8ab2                	mv	s5,a2
    380c:	02e7f5b3          	remu	a1,a5,a4
    3810:	1afd                	addi	s5,s5,-1
    3812:	95b6                	add	a1,a1,a3
    3814:	218c                	lbu	a1,0(a1)
    3816:	00ba8023          	sb	a1,0(s5)
    381a:	02e7d5b3          	divu	a1,a5,a4
    381e:	0ce7f063          	bgeu	a5,a4,38de <_printf_i+0x22a>
    3822:	47a1                	li	a5,8
    3824:	00f71e63          	bne	a4,a5,3840 <_printf_i+0x18c>
    3828:	401c                	lw	a5,0(s0)
    382a:	8b85                	andi	a5,a5,1
    382c:	cb91                	beqz	a5,3840 <_printf_i+0x18c>
    382e:	4058                	lw	a4,4(s0)
    3830:	481c                	lw	a5,16(s0)
    3832:	00e7c763          	blt	a5,a4,3840 <_printf_i+0x18c>
    3836:	03000793          	li	a5,48
    383a:	fefa8fa3          	sb	a5,-1(s5)
    383e:	1afd                	addi	s5,s5,-1
    3840:	41560633          	sub	a2,a2,s5
    3844:	c810                	sw	a2,16(s0)
    3846:	874e                	mv	a4,s3
    3848:	86ca                	mv	a3,s2
    384a:	0070                	addi	a2,sp,12
    384c:	85a2                	mv	a1,s0
    384e:	8526                	mv	a0,s1
    3850:	d59ff0ef          	jal	ra,35a8 <_printf_common>
    3854:	5a7d                	li	s4,-1
    3856:	0b451d63          	bne	a0,s4,3910 <_printf_i+0x25c>
    385a:	557d                	li	a0,-1
    385c:	50b2                	lw	ra,44(sp)
    385e:	5422                	lw	s0,40(sp)
    3860:	5492                	lw	s1,36(sp)
    3862:	5902                	lw	s2,32(sp)
    3864:	49f2                	lw	s3,28(sp)
    3866:	4a62                	lw	s4,24(sp)
    3868:	4ad2                	lw	s5,20(sp)
    386a:	4b42                	lw	s6,16(sp)
    386c:	6145                	addi	sp,sp,48
    386e:	8082                	ret
    3870:	04d582a3          	sb	a3,69(a1)
    3874:	00000697          	auipc	a3,0x0
    3878:	6cc68693          	addi	a3,a3,1740 # 3f40 <__sf_fake_stdout+0x34>
    387c:	400c                	lw	a1,0(s0)
    387e:	4308                	lw	a0,0(a4)
    3880:	0805f813          	andi	a6,a1,128
    3884:	411c                	lw	a5,0(a0)
    3886:	0511                	addi	a0,a0,4
    3888:	02080d63          	beqz	a6,38c2 <_printf_i+0x20e>
    388c:	c308                	sw	a0,0(a4)
    388e:	0015f713          	andi	a4,a1,1
    3892:	c701                	beqz	a4,389a <_printf_i+0x1e6>
    3894:	0205e593          	ori	a1,a1,32
    3898:	c00c                	sw	a1,0(s0)
    389a:	4741                	li	a4,16
    389c:	fbb9                	bnez	a5,37f2 <_printf_i+0x13e>
    389e:	400c                	lw	a1,0(s0)
    38a0:	fdf5f593          	andi	a1,a1,-33
    38a4:	c00c                	sw	a1,0(s0)
    38a6:	b7b1                	j	37f2 <_printf_i+0x13e>
    38a8:	419c                	lw	a5,0(a1)
    38aa:	0207e793          	ori	a5,a5,32
    38ae:	c19c                	sw	a5,0(a1)
    38b0:	07800793          	li	a5,120
    38b4:	04f402a3          	sb	a5,69(s0)
    38b8:	00000697          	auipc	a3,0x0
    38bc:	69c68693          	addi	a3,a3,1692 # 3f54 <__sf_fake_stdout+0x48>
    38c0:	bf75                	j	387c <_printf_i+0x1c8>
    38c2:	0405f813          	andi	a6,a1,64
    38c6:	c308                	sw	a0,0(a4)
    38c8:	fc0803e3          	beqz	a6,388e <_printf_i+0x1da>
    38cc:	07c2                	slli	a5,a5,0x10
    38ce:	83c1                	srli	a5,a5,0x10
    38d0:	bf7d                	j	388e <_printf_i+0x1da>
    38d2:	00000697          	auipc	a3,0x0
    38d6:	66e68693          	addi	a3,a3,1646 # 3f40 <__sf_fake_stdout+0x34>
    38da:	4721                	li	a4,8
    38dc:	bf19                	j	37f2 <_printf_i+0x13e>
    38de:	87ae                	mv	a5,a1
    38e0:	b735                	j	380c <_printf_i+0x158>
    38e2:	4194                	lw	a3,0(a1)
    38e4:	431c                	lw	a5,0(a4)
    38e6:	49cc                	lw	a1,20(a1)
    38e8:	0806f813          	andi	a6,a3,128
    38ec:	00478513          	addi	a0,a5,4
    38f0:	00080663          	beqz	a6,38fc <_printf_i+0x248>
    38f4:	c308                	sw	a0,0(a4)
    38f6:	439c                	lw	a5,0(a5)
    38f8:	c38c                	sw	a1,0(a5)
    38fa:	a039                	j	3908 <_printf_i+0x254>
    38fc:	c308                	sw	a0,0(a4)
    38fe:	0406f693          	andi	a3,a3,64
    3902:	439c                	lw	a5,0(a5)
    3904:	daf5                	beqz	a3,38f8 <_printf_i+0x244>
    3906:	a38e                	sh	a1,0(a5)
    3908:	00042823          	sw	zero,16(s0)
    390c:	8ab2                	mv	s5,a2
    390e:	bf25                	j	3846 <_printf_i+0x192>
    3910:	4814                	lw	a3,16(s0)
    3912:	8656                	mv	a2,s5
    3914:	85ca                	mv	a1,s2
    3916:	8526                	mv	a0,s1
    3918:	9982                	jalr	s3
    391a:	f54500e3          	beq	a0,s4,385a <_printf_i+0x1a6>
    391e:	401c                	lw	a5,0(s0)
    3920:	8b89                	andi	a5,a5,2
    3922:	e78d                	bnez	a5,394c <_printf_i+0x298>
    3924:	47b2                	lw	a5,12(sp)
    3926:	4448                	lw	a0,12(s0)
    3928:	f2f55ae3          	bge	a0,a5,385c <_printf_i+0x1a8>
    392c:	853e                	mv	a0,a5
    392e:	b73d                	j	385c <_printf_i+0x1a8>
    3930:	4685                	li	a3,1
    3932:	8656                	mv	a2,s5
    3934:	85ca                	mv	a1,s2
    3936:	8526                	mv	a0,s1
    3938:	9982                	jalr	s3
    393a:	f36500e3          	beq	a0,s6,385a <_printf_i+0x1a6>
    393e:	0a05                	addi	s4,s4,1
    3940:	445c                	lw	a5,12(s0)
    3942:	4732                	lw	a4,12(sp)
    3944:	8f99                	sub	a5,a5,a4
    3946:	fefa45e3          	blt	s4,a5,3930 <_printf_i+0x27c>
    394a:	bfe9                	j	3924 <_printf_i+0x270>
    394c:	4a01                	li	s4,0
    394e:	01940a93          	addi	s5,s0,25
    3952:	5b7d                	li	s6,-1
    3954:	b7f5                	j	3940 <_printf_i+0x28c>

00003956 <_sbrk_r>:
    3956:	1141                	addi	sp,sp,-16
    3958:	c422                	sw	s0,8(sp)
    395a:	842a                	mv	s0,a0
    395c:	852e                	mv	a0,a1
    395e:	1fffe797          	auipc	a5,0x1fffe
    3962:	9a07a923          	sw	zero,-1614(a5) # 20001310 <errno>
    3966:	c606                	sw	ra,12(sp)
    3968:	b5dfe0ef          	jal	ra,24c4 <_sbrk>
    396c:	57fd                	li	a5,-1
    396e:	00f51963          	bne	a0,a5,3980 <_sbrk_r+0x2a>
    3972:	1fffe797          	auipc	a5,0x1fffe
    3976:	99e78793          	addi	a5,a5,-1634 # 20001310 <errno>
    397a:	439c                	lw	a5,0(a5)
    397c:	c391                	beqz	a5,3980 <_sbrk_r+0x2a>
    397e:	c01c                	sw	a5,0(s0)
    3980:	40b2                	lw	ra,12(sp)
    3982:	4422                	lw	s0,8(sp)
    3984:	0141                	addi	sp,sp,16
    3986:	8082                	ret

00003988 <__sread>:
    3988:	1141                	addi	sp,sp,-16
    398a:	c422                	sw	s0,8(sp)
    398c:	842e                	mv	s0,a1
    398e:	00e59583          	lh	a1,14(a1)
    3992:	c606                	sw	ra,12(sp)
    3994:	2a5d                	jal	3b4a <_read_r>
    3996:	00054963          	bltz	a0,39a8 <__sread+0x20>
    399a:	487c                	lw	a5,84(s0)
    399c:	97aa                	add	a5,a5,a0
    399e:	c87c                	sw	a5,84(s0)
    39a0:	40b2                	lw	ra,12(sp)
    39a2:	4422                	lw	s0,8(sp)
    39a4:	0141                	addi	sp,sp,16
    39a6:	8082                	ret
    39a8:	245e                	lhu	a5,12(s0)
    39aa:	777d                	lui	a4,0xfffff
    39ac:	177d                	addi	a4,a4,-1
    39ae:	8ff9                	and	a5,a5,a4
    39b0:	a45e                	sh	a5,12(s0)
    39b2:	b7fd                	j	39a0 <__sread+0x18>

000039b4 <__swrite>:
    39b4:	25de                	lhu	a5,12(a1)
    39b6:	1101                	addi	sp,sp,-32
    39b8:	cc22                	sw	s0,24(sp)
    39ba:	ca26                	sw	s1,20(sp)
    39bc:	c84a                	sw	s2,16(sp)
    39be:	c64e                	sw	s3,12(sp)
    39c0:	ce06                	sw	ra,28(sp)
    39c2:	1007f793          	andi	a5,a5,256
    39c6:	84aa                	mv	s1,a0
    39c8:	842e                	mv	s0,a1
    39ca:	8932                	mv	s2,a2
    39cc:	89b6                	mv	s3,a3
    39ce:	c791                	beqz	a5,39da <__swrite+0x26>
    39d0:	00e59583          	lh	a1,14(a1)
    39d4:	4689                	li	a3,2
    39d6:	4601                	li	a2,0
    39d8:	220d                	jal	3afa <_lseek_r>
    39da:	245e                	lhu	a5,12(s0)
    39dc:	777d                	lui	a4,0xfffff
    39de:	177d                	addi	a4,a4,-1
    39e0:	8ff9                	and	a5,a5,a4
    39e2:	a45e                	sh	a5,12(s0)
    39e4:	00e41583          	lh	a1,14(s0)
    39e8:	4462                	lw	s0,24(sp)
    39ea:	40f2                	lw	ra,28(sp)
    39ec:	86ce                	mv	a3,s3
    39ee:	864a                	mv	a2,s2
    39f0:	49b2                	lw	s3,12(sp)
    39f2:	4942                	lw	s2,16(sp)
    39f4:	8526                	mv	a0,s1
    39f6:	44d2                	lw	s1,20(sp)
    39f8:	6105                	addi	sp,sp,32
    39fa:	a825                	j	3a32 <_write_r>

000039fc <__sseek>:
    39fc:	1141                	addi	sp,sp,-16
    39fe:	c422                	sw	s0,8(sp)
    3a00:	842e                	mv	s0,a1
    3a02:	00e59583          	lh	a1,14(a1)
    3a06:	c606                	sw	ra,12(sp)
    3a08:	28cd                	jal	3afa <_lseek_r>
    3a0a:	57fd                	li	a5,-1
    3a0c:	245a                	lhu	a4,12(s0)
    3a0e:	00f51a63          	bne	a0,a5,3a22 <__sseek+0x26>
    3a12:	77fd                	lui	a5,0xfffff
    3a14:	17fd                	addi	a5,a5,-1
    3a16:	8ff9                	and	a5,a5,a4
    3a18:	a45e                	sh	a5,12(s0)
    3a1a:	40b2                	lw	ra,12(sp)
    3a1c:	4422                	lw	s0,8(sp)
    3a1e:	0141                	addi	sp,sp,16
    3a20:	8082                	ret
    3a22:	6785                	lui	a5,0x1
    3a24:	8fd9                	or	a5,a5,a4
    3a26:	a45e                	sh	a5,12(s0)
    3a28:	c868                	sw	a0,84(s0)
    3a2a:	bfc5                	j	3a1a <__sseek+0x1e>

00003a2c <__sclose>:
    3a2c:	00e59583          	lh	a1,14(a1)
    3a30:	a825                	j	3a68 <_close_r>

00003a32 <_write_r>:
    3a32:	1141                	addi	sp,sp,-16
    3a34:	c422                	sw	s0,8(sp)
    3a36:	842a                	mv	s0,a0
    3a38:	852e                	mv	a0,a1
    3a3a:	85b2                	mv	a1,a2
    3a3c:	8636                	mv	a2,a3
    3a3e:	1fffe797          	auipc	a5,0x1fffe
    3a42:	8c07a923          	sw	zero,-1838(a5) # 20001310 <errno>
    3a46:	c606                	sw	ra,12(sp)
    3a48:	a3ffe0ef          	jal	ra,2486 <_write>
    3a4c:	57fd                	li	a5,-1
    3a4e:	00f51963          	bne	a0,a5,3a60 <_write_r+0x2e>
    3a52:	1fffe797          	auipc	a5,0x1fffe
    3a56:	8be78793          	addi	a5,a5,-1858 # 20001310 <errno>
    3a5a:	439c                	lw	a5,0(a5)
    3a5c:	c391                	beqz	a5,3a60 <_write_r+0x2e>
    3a5e:	c01c                	sw	a5,0(s0)
    3a60:	40b2                	lw	ra,12(sp)
    3a62:	4422                	lw	s0,8(sp)
    3a64:	0141                	addi	sp,sp,16
    3a66:	8082                	ret

00003a68 <_close_r>:
    3a68:	1141                	addi	sp,sp,-16
    3a6a:	c422                	sw	s0,8(sp)
    3a6c:	842a                	mv	s0,a0
    3a6e:	852e                	mv	a0,a1
    3a70:	1fffe797          	auipc	a5,0x1fffe
    3a74:	8a07a023          	sw	zero,-1888(a5) # 20001310 <errno>
    3a78:	c606                	sw	ra,12(sp)
    3a7a:	2211                	jal	3b7e <_close>
    3a7c:	57fd                	li	a5,-1
    3a7e:	00f51963          	bne	a0,a5,3a90 <_close_r+0x28>
    3a82:	1fffe797          	auipc	a5,0x1fffe
    3a86:	88e78793          	addi	a5,a5,-1906 # 20001310 <errno>
    3a8a:	439c                	lw	a5,0(a5)
    3a8c:	c391                	beqz	a5,3a90 <_close_r+0x28>
    3a8e:	c01c                	sw	a5,0(s0)
    3a90:	40b2                	lw	ra,12(sp)
    3a92:	4422                	lw	s0,8(sp)
    3a94:	0141                	addi	sp,sp,16
    3a96:	8082                	ret

00003a98 <_fstat_r>:
    3a98:	1141                	addi	sp,sp,-16
    3a9a:	c422                	sw	s0,8(sp)
    3a9c:	842a                	mv	s0,a0
    3a9e:	852e                	mv	a0,a1
    3aa0:	85b2                	mv	a1,a2
    3aa2:	1fffe797          	auipc	a5,0x1fffe
    3aa6:	8607a723          	sw	zero,-1938(a5) # 20001310 <errno>
    3aaa:	c606                	sw	ra,12(sp)
    3aac:	20cd                	jal	3b8e <_fstat>
    3aae:	57fd                	li	a5,-1
    3ab0:	00f51963          	bne	a0,a5,3ac2 <_fstat_r+0x2a>
    3ab4:	1fffe797          	auipc	a5,0x1fffe
    3ab8:	85c78793          	addi	a5,a5,-1956 # 20001310 <errno>
    3abc:	439c                	lw	a5,0(a5)
    3abe:	c391                	beqz	a5,3ac2 <_fstat_r+0x2a>
    3ac0:	c01c                	sw	a5,0(s0)
    3ac2:	40b2                	lw	ra,12(sp)
    3ac4:	4422                	lw	s0,8(sp)
    3ac6:	0141                	addi	sp,sp,16
    3ac8:	8082                	ret

00003aca <_isatty_r>:
    3aca:	1141                	addi	sp,sp,-16
    3acc:	c422                	sw	s0,8(sp)
    3ace:	842a                	mv	s0,a0
    3ad0:	852e                	mv	a0,a1
    3ad2:	1fffe797          	auipc	a5,0x1fffe
    3ad6:	8207af23          	sw	zero,-1986(a5) # 20001310 <errno>
    3ada:	c606                	sw	ra,12(sp)
    3adc:	20c9                	jal	3b9e <_isatty>
    3ade:	57fd                	li	a5,-1
    3ae0:	00f51963          	bne	a0,a5,3af2 <_isatty_r+0x28>
    3ae4:	1fffe797          	auipc	a5,0x1fffe
    3ae8:	82c78793          	addi	a5,a5,-2004 # 20001310 <errno>
    3aec:	439c                	lw	a5,0(a5)
    3aee:	c391                	beqz	a5,3af2 <_isatty_r+0x28>
    3af0:	c01c                	sw	a5,0(s0)
    3af2:	40b2                	lw	ra,12(sp)
    3af4:	4422                	lw	s0,8(sp)
    3af6:	0141                	addi	sp,sp,16
    3af8:	8082                	ret

00003afa <_lseek_r>:
    3afa:	1141                	addi	sp,sp,-16
    3afc:	c422                	sw	s0,8(sp)
    3afe:	842a                	mv	s0,a0
    3b00:	852e                	mv	a0,a1
    3b02:	85b2                	mv	a1,a2
    3b04:	8636                	mv	a2,a3
    3b06:	1fffe797          	auipc	a5,0x1fffe
    3b0a:	8007a523          	sw	zero,-2038(a5) # 20001310 <errno>
    3b0e:	c606                	sw	ra,12(sp)
    3b10:	2879                	jal	3bae <_lseek>
    3b12:	57fd                	li	a5,-1
    3b14:	00f51963          	bne	a0,a5,3b26 <_lseek_r+0x2c>
    3b18:	1fffd797          	auipc	a5,0x1fffd
    3b1c:	7f878793          	addi	a5,a5,2040 # 20001310 <errno>
    3b20:	439c                	lw	a5,0(a5)
    3b22:	c391                	beqz	a5,3b26 <_lseek_r+0x2c>
    3b24:	c01c                	sw	a5,0(s0)
    3b26:	40b2                	lw	ra,12(sp)
    3b28:	4422                	lw	s0,8(sp)
    3b2a:	0141                	addi	sp,sp,16
    3b2c:	8082                	ret

00003b2e <memchr>:
    3b2e:	0ff5f593          	andi	a1,a1,255
    3b32:	962a                	add	a2,a2,a0
    3b34:	00c51463          	bne	a0,a2,3b3c <memchr+0xe>
    3b38:	4501                	li	a0,0
    3b3a:	8082                	ret
    3b3c:	211c                	lbu	a5,0(a0)
    3b3e:	feb78ee3          	beq	a5,a1,3b3a <memchr+0xc>
    3b42:	0505                	addi	a0,a0,1
    3b44:	bfc5                	j	3b34 <memchr+0x6>

00003b46 <__malloc_lock>:
    3b46:	8082                	ret

00003b48 <__malloc_unlock>:
    3b48:	8082                	ret

00003b4a <_read_r>:
    3b4a:	1141                	addi	sp,sp,-16
    3b4c:	c422                	sw	s0,8(sp)
    3b4e:	842a                	mv	s0,a0
    3b50:	852e                	mv	a0,a1
    3b52:	85b2                	mv	a1,a2
    3b54:	8636                	mv	a2,a3
    3b56:	1fffd797          	auipc	a5,0x1fffd
    3b5a:	7a07ad23          	sw	zero,1978(a5) # 20001310 <errno>
    3b5e:	c606                	sw	ra,12(sp)
    3b60:	28b9                	jal	3bbe <_read>
    3b62:	57fd                	li	a5,-1
    3b64:	00f51963          	bne	a0,a5,3b76 <_read_r+0x2c>
    3b68:	1fffd797          	auipc	a5,0x1fffd
    3b6c:	7a878793          	addi	a5,a5,1960 # 20001310 <errno>
    3b70:	439c                	lw	a5,0(a5)
    3b72:	c391                	beqz	a5,3b76 <_read_r+0x2c>
    3b74:	c01c                	sw	a5,0(s0)
    3b76:	40b2                	lw	ra,12(sp)
    3b78:	4422                	lw	s0,8(sp)
    3b7a:	0141                	addi	sp,sp,16
    3b7c:	8082                	ret

00003b7e <_close>:
    3b7e:	05800793          	li	a5,88
    3b82:	1fffd717          	auipc	a4,0x1fffd
    3b86:	78f72723          	sw	a5,1934(a4) # 20001310 <errno>
    3b8a:	557d                	li	a0,-1
    3b8c:	8082                	ret

00003b8e <_fstat>:
    3b8e:	05800793          	li	a5,88
    3b92:	1fffd717          	auipc	a4,0x1fffd
    3b96:	76f72f23          	sw	a5,1918(a4) # 20001310 <errno>
    3b9a:	557d                	li	a0,-1
    3b9c:	8082                	ret

00003b9e <_isatty>:
    3b9e:	05800793          	li	a5,88
    3ba2:	1fffd717          	auipc	a4,0x1fffd
    3ba6:	76f72723          	sw	a5,1902(a4) # 20001310 <errno>
    3baa:	4501                	li	a0,0
    3bac:	8082                	ret

00003bae <_lseek>:
    3bae:	05800793          	li	a5,88
    3bb2:	1fffd717          	auipc	a4,0x1fffd
    3bb6:	74f72f23          	sw	a5,1886(a4) # 20001310 <errno>
    3bba:	557d                	li	a0,-1
    3bbc:	8082                	ret

00003bbe <_read>:
    3bbe:	05800793          	li	a5,88
    3bc2:	1fffd717          	auipc	a4,0x1fffd
    3bc6:	74f72723          	sw	a5,1870(a4) # 20001310 <errno>
    3bca:	557d                	li	a0,-1
    3bcc:	8082                	ret
    3bce:	0000                	unimp
    3bd0:	6f54                	flw	fa3,28(a4)
    3bd2:	6375                	lui	t1,0x1d
    3bd4:	4b68                	lw	a0,84(a4)
    3bd6:	7965                	lui	s2,0xffff9
    3bd8:	0000                	unimp
    3bda:	0000                	unimp
    3bdc:	454c                	lw	a1,12(a0)
    3bde:	0044                	addi	s1,sp,4
    3be0:	464e495b          	0x464e495b
    3be4:	47205d4f          	fnmadd.q	fs10,ft0,fs2,fs0,unknown
    3be8:	6970                	flw	fa2,84(a0)
    3bea:	6953206f          	j	36a7e <_data_lma+0x32b16>
    3bee:	657a                	flw	fa0,156(sp)
    3bf0:	2528                	lbu	a0,10(a0)
    3bf2:	2964                	lbu	s1,22(a0)
    3bf4:	0a0d                	addi	s4,s4,3
    3bf6:	0000                	unimp
    3bf8:	2e2e                	lhu	a1,26(a2)
    3bfa:	6573552f          	0x6573552f
    3bfe:	2f72                	lhu	a2,30(a4)
    3c00:	6f49                	lui	t5,0x12
    3c02:	6970472f          	0x6970472f
    3c06:	6e614d6f          	jal	s10,182ec <_data_lma+0x14384>
    3c0a:	6761                	lui	a4,0x18
    3c0c:	7265                	lui	tp,0xffff9
    3c0e:	632e                	flw	ft6,200(sp)
    3c10:	7070                	flw	fa2,100(s0)
    3c12:	0000                	unimp
    3c14:	5341                	li	t1,-16
    3c16:	54524553          	0x54524553
    3c1a:	4620                	lw	s0,72(a2)
    3c1c:	4941                	li	s2,16
    3c1e:	454c                	lw	a1,12(a0)
    3c20:	3a44                	lbu	s1,21(a2)
    3c22:	6c20                	flw	fs0,88(s0)
    3c24:	6e69                	lui	t3,0x1a
    3c26:	2065                	jal	3cce <_read+0x110>
    3c28:	6425                	lui	s0,0x9
    3c2a:	202c                	lbu	a1,2(s0)
    3c2c:	6966                	flw	fs2,88(sp)
    3c2e:	656c                	flw	fa1,76(a0)
    3c30:	2220                	lbu	s0,2(a2)
    3c32:	7325                	lui	t1,0xfffe9
    3c34:	2022                	lhu	s0,2(s0)
    3c36:	3e2d                	jal	3770 <_printf_i+0xbc>
    3c38:	d720                	sw	s0,104(a4)
    3c3a:	b2a2                	sh	s0,34(a3)
    3c3c:	b5e1                	j	3b04 <_lseek_r+0xa>
    3c3e:	47c4                	lw	s1,12(a5)
    3c40:	6970                	flw	fa2,84(a0)
    3c42:	d3f3b46f          	jal	s0,fff3f980 <__freertos_irq_stack_top+0xdff3a980>
    3c46:	6dda                	flw	fs11,148(sp)
    3c48:	675f 6970 ca6f      	0xca6f6970675f
    3c4e:	d7fd                	beqz	a5,3c3c <_read+0x7e>
    3c50:	b4e9                	j	371a <_printf_i+0x66>
    3c52:	2ea1d0f3          	csrrwi	ra,0x2ea,3
    3c56:	0a0d                	addi	s4,s4,3
    3c58:	0000                	unimp
    3c5a:	0000                	unimp
    3c5c:	72727563          	bgeu	tp,t2,4386 <_data_lma+0x41e>
    3c60:	6e65                	lui	t3,0x19
    3c62:	4174                	lw	a3,68(a0)
    3c64:	6364                	flw	fs1,68(a4)
    3c66:	6156                	flw	ft2,84(sp)
    3c68:	756c                	flw	fa1,108(a0)
    3c6a:	2565                	jal	4312 <_data_lma+0x3aa>
    3c6c:	0a64                	addi	s1,sp,284
    3c6e:	000d                	c.nop	3
    3c70:	2e2e                	lhu	a1,26(a2)
    3c72:	6572462f          	0x6572462f
    3c76:	5265                	li	tp,-7
    3c78:	4f54                	lw	a3,28(a4)
    3c7a:	6f702f53          	0x6f702f53
    3c7e:	7472                	flw	fs0,60(sp)
    3c80:	6261                	lui	tp,0x18
    3c82:	656c                	flw	fa1,76(a0)
    3c84:	6d654d2f          	0x6d654d2f
    3c88:	614d                	addi	sp,sp,176
    3c8a:	676e                	flw	fa4,216(sp)
    3c8c:	6165682f          	0x6165682f
    3c90:	5f70                	lw	a2,124(a4)
    3c92:	2e34                	lbu	a3,26(a2)
    3c94:	00000063          	beqz	zero,3c94 <_read+0xd6>
    3c98:	7265                	lui	tp,0xffff9
    3c9a:	2072                	lhu	a2,6(s0)
    3c9c:	7461                	lui	s0,0xffff8
    3c9e:	6c20                	flw	fs0,88(s0)
    3ca0:	6e69                	lui	t3,0x1a
    3ca2:	2065                	jal	3d4a <_read+0x18c>
    3ca4:	6425                	lui	s0,0x9
    3ca6:	6f20                	flw	fs0,88(a4)
    3ca8:	2066                	lhu	s1,6(s0)
    3caa:	6966                	flw	fs2,88(sp)
    3cac:	656c                	flw	fa1,76(a0)
    3cae:	2220                	lbu	s0,2(a2)
    3cb0:	7325                	lui	t1,0xfffe9
    3cb2:	2e22                	lhu	s0,26(a2)
    3cb4:	0d20                	addi	s0,sp,664
    3cb6:	200a                	lhu	a0,0(s0)
    3cb8:	0000                	unimp
    3cba:	0000                	unimp
    3cbc:	2e2e                	lhu	a1,26(a2)
    3cbe:	6572462f          	0x6572462f
    3cc2:	5265                	li	tp,-7
    3cc4:	4f54                	lw	a3,28(a4)
    3cc6:	6f702f53          	0x6f702f53
    3cca:	7472                	flw	fs0,60(sp)
    3ccc:	6261                	lui	tp,0x18
    3cce:	656c                	flw	fa1,76(a0)
    3cd0:	4343472f          	0x4343472f
    3cd4:	5349522f          	0x5349522f
    3cd8:	2f562d43          	fmadd.q	fs10,fa2,fs5,ft5,rdn
    3cdc:	6f70                	flw	fa2,92(a4)
    3cde:	7472                	flw	fs0,60(sp)
    3ce0:	632e                	flw	ft6,200(sp)
    3ce2:	0000                	unimp
    3ce4:	2e2e                	lhu	a1,26(a2)
    3ce6:	6572462f          	0x6572462f
    3cea:	5265                	li	tp,-7
    3cec:	4f54                	lw	a3,28(a4)
    3cee:	75712f53          	0x75712f53
    3cf2:	7565                	lui	a0,0xffff9
    3cf4:	2e65                	jal	40ac <_data_lma+0x144>
    3cf6:	2e2e0063          	beq	t3,sp,3fd6 <_data_lma+0x6e>
    3cfa:	6572462f          	0x6572462f
    3cfe:	5265                	li	tp,-7
    3d00:	4f54                	lw	a3,28(a4)
    3d02:	61742f53          	0x61742f53
    3d06:	2e736b73          	csrrsi	s6,0x2e7,6
    3d0a:	44490063          	beq	s2,tp,414a <_data_lma+0x1e2>
    3d0e:	454c                	lw	a1,12(a0)
    3d10:	0000                	unimp
    3d12:	0000                	unimp
    3d14:	22be                	lhu	a5,2(a3)
    3d16:	0000                	unimp
    3d18:	22be                	lhu	a5,2(a3)
    3d1a:	0000                	unimp
    3d1c:	2340                	lbu	s0,4(a4)
    3d1e:	0000                	unimp
    3d20:	234c                	lbu	a1,4(a4)
    3d22:	0000                	unimp
    3d24:	238c                	lbu	a1,0(a5)
    3d26:	0000                	unimp
    3d28:	22be                	lhu	a5,2(a3)
    3d2a:	0000                	unimp
    3d2c:	22be                	lhu	a5,2(a3)
    3d2e:	0000                	unimp
    3d30:	2340                	lbu	s0,4(a4)
    3d32:	0000                	unimp
    3d34:	234c                	lbu	a1,4(a4)
    3d36:	0000                	unimp
    3d38:	6d54                	flw	fa3,28(a0)
    3d3a:	5172                	lw	sp,60(sp)
    3d3c:	0000                	unimp
    3d3e:	0000                	unimp
    3d40:	2e2e                	lhu	a1,26(a2)
    3d42:	6572462f          	0x6572462f
    3d46:	5265                	li	tp,-7
    3d48:	4f54                	lw	a3,28(a4)
    3d4a:	69742f53          	0x69742f53
    3d4e:	656d                	lui	a0,0x1b
    3d50:	7372                	flw	ft6,60(sp)
    3d52:	632e                	flw	ft6,200(sp)
    3d54:	0000                	unimp
    3d56:	0000                	unimp
    3d58:	6d54                	flw	fa3,28(a0)
    3d5a:	2072                	lhu	a2,6(s0)
    3d5c:	00637653          	fadd.s	fa2,ft6,ft6
    3d60:	74737953          	0x74737953
    3d64:	6d65                	lui	s10,0x19
    3d66:	3a6b6c43          	fmadd.d	fs8,fs6,ft6,ft7,unknown
    3d6a:	6425                	lui	s0,0x9
    3d6c:	0a0d                	addi	s4,s4,3
    3d6e:	0000                	unimp
    3d70:	70696843          	fmadd.s	fa6,fs2,ft6,fa4,unknown
    3d74:	4449                	li	s0,18
    3d76:	253a                	lhu	a4,10(a0)
    3d78:	3830                	lbu	a2,19(s0)
    3d7a:	0d78                	addi	a4,sp,668
    3d7c:	000a                	c.slli	zero,0x2
    3d7e:	0000                	unimp
    3d80:	3156                	lhu	a3,36(a0)
    3d82:	2e30                	lbu	a2,26(a2)
    3d84:	2e34                	lbu	a3,26(a2)
    3d86:	0036                	c.slli	zero,0xd
    3d88:	7246                	flw	ft4,112(sp)
    3d8a:	6565                	lui	a0,0x19
    3d8c:	5452                	lw	s0,52(sp)
    3d8e:	4b20534f          	fnmadd.d	ft6,ft0,fs2,fs1,unknown
    3d92:	7265                	lui	tp,0xffff9
    3d94:	656e                	flw	fa0,216(sp)
    3d96:	206c                	lbu	a1,6(s0)
    3d98:	6556                	flw	fa0,84(sp)
    3d9a:	7372                	flw	ft6,60(sp)
    3d9c:	6f69                	lui	t5,0x1a
    3d9e:	3a6e                	lhu	a1,54(a2)
    3da0:	7325                	lui	t1,0xfffe9
    3da2:	0a0d                	addi	s4,s4,3
    3da4:	0000                	unimp
    3da6:	0000                	unimp
    3da8:	5252455b          	0x5252455b
    3dac:	205d524f          	fnmadd.s	ft4,fs10,ft5,ft4,unknown
    3db0:	756f6873          	csrrsi	a6,0x756,30
    3db4:	646c                	flw	fa1,76(s0)
    3db6:	276e                	lhu	a1,14(a4)
    3db8:	2074                	lbu	a3,6(s0)
    3dba:	7572                	flw	fa0,60(sp)
    3dbc:	206e                	lhu	a1,6(s0)
    3dbe:	7461                	lui	s0,0xffff8
    3dc0:	6820                	flw	fs0,80(s0)
    3dc2:	7265                	lui	tp,0xffff9
    3dc4:	2165                	jal	426c <_data_lma+0x304>
    3dc6:	0d21                	addi	s10,s10,8
    3dc8:	0000                	unimp
	...

00003dcc <__clz_tab>:
    3dcc:	0100 0202 0303 0303 0404 0404 0404 0404     ................
    3ddc:	0505 0505 0505 0505 0505 0505 0505 0505     ................
    3dec:	0606 0606 0606 0606 0606 0606 0606 0606     ................
    3dfc:	0606 0606 0606 0606 0606 0606 0606 0606     ................
    3e0c:	0707 0707 0707 0707 0707 0707 0707 0707     ................
    3e1c:	0707 0707 0707 0707 0707 0707 0707 0707     ................
    3e2c:	0707 0707 0707 0707 0707 0707 0707 0707     ................
    3e3c:	0707 0707 0707 0707 0707 0707 0707 0707     ................
    3e4c:	0808 0808 0808 0808 0808 0808 0808 0808     ................
    3e5c:	0808 0808 0808 0808 0808 0808 0808 0808     ................
    3e6c:	0808 0808 0808 0808 0808 0808 0808 0808     ................
    3e7c:	0808 0808 0808 0808 0808 0808 0808 0808     ................
    3e8c:	0808 0808 0808 0808 0808 0808 0808 0808     ................
    3e9c:	0808 0808 0808 0808 0808 0808 0808 0808     ................
    3eac:	0808 0808 0808 0808 0808 0808 0808 0808     ................
    3ebc:	0808 0808 0808 0808 0808 0808 0808 0808     ................

00003ecc <__sf_fake_stderr>:
	...

00003eec <__sf_fake_stdin>:
	...

00003f0c <__sf_fake_stdout>:
	...
    3f2c:	2d23 2b30 0020 0000 6c68 004c 6665 4567     #-0+ ...hlL.efgE
    3f3c:	4746 0000 3130 3332 3534 3736 3938 4241     FG..0123456789AB
    3f4c:	4443 4645 0000 0000 3130 3332 3534 3736     CDEF....01234567
    3f5c:	3938 6261 6463 6665 0000 0000               89abcdef....
